name,website,domain,city,state,category,phone,public_email,source_type,source_url,raw_source_id,acquired_at
'N Motion Fitness,https://nmotionfitness.com,nmotionfitness.com,"","",gyms,+1 415-930-2533,"",openstreetmap,https://www.openstreetmap.org/node/13163731721,13163731721,2026-04-28 07:53:43.650201
236 Fit,https://www.236fit.net,236fit.net,"","",gyms,+1 619-599-3428,236fitchulavista@gmail.com,openstreetmap,https://www.openstreetmap.org/node/13270838901,13270838901,2026-04-28 07:53:43.650201
24 Hour Fitness,https://www.24hourfitness.com/Website/Club/00184,24hourfitness.com,West Hollywood,CA,gyms,+1-310-652-7440,"",openstreetmap,https://www.openstreetmap.org/node/429370069,429370069,2026-04-28 07:53:43.650201
24 Hour Fitness,https://www.24hourfitness.com/Website/Club/179,24hourfitness.com,"","",gyms,+1 626-795-7121,"",openstreetmap,https://www.openstreetmap.org/node/3180298843,3180298843,2026-04-28 07:53:43.650201
24 Hour Fitness,https://www.24hourfitness.com/gyms/orange-ca/orange-village-super-sport,24hourfitness.com,Orange,CA,gyms,+1 714-923-0284,"",openstreetmap,https://www.openstreetmap.org/node/878575479,878575479,2026-04-28 07:53:43.650201
24 Hour Fitness,https://www.24hourfitness.com/gyms/mountain-view-ca/mountain-view-super-sport,24hourfitness.com,Mountain View,CA,gyms,+1 650 941 2268,"",openstreetmap,https://www.openstreetmap.org/node/30704388,30704388,2026-04-28 07:53:43.650201
24 Hour Fitness,https://www.24hourfitness.com/Website/Club/00821,24hourfitness.com,San Jose,CA,gyms,+1 408-457-6866,"",openstreetmap,https://www.openstreetmap.org/node/6040819786,6040819786,2026-04-28 07:53:43.650201
24 Hour Fitness,https://www.24hourfitness.com/gyms/simi-valley-ca/simi-valley-sport,24hourfitness.com,Simi Valley,CA,gyms,+1 805-520-3440,"",openstreetmap,https://www.openstreetmap.org/node/11767450323,11767450323,2026-04-28 07:53:43.650201
24 Hour Fitness,https://www.24hourfitness.com/Website/Club/94,24hourfitness.com,San Diego,"",gyms,+1-858-693-3500,"",openstreetmap,https://www.openstreetmap.org/node/596729428,596729428,2026-04-28 07:53:43.650201
24 Hour Fitness,https://www.24hourfitness.com/Website/Club/855?rt=3,24hourfitness.com,Buena Park,"",gyms,+1 714-236-1800,"",openstreetmap,https://www.openstreetmap.org/node/964864931,964864931,2026-04-28 07:53:43.650201
24 Hour Fitness,https://www.24hourfitness.com,24hourfitness.com,Antelope,CA,gyms,+1 916-723-2432,"",openstreetmap,https://www.openstreetmap.org/node/720787410,720787410,2026-04-28 07:53:43.650201
24 Hour Fitness,https://link.24go.co/TIh6r00EI1,link.24go.co,San Francisco,CA,gyms,+1-415-334-1400,"",openstreetmap,https://www.openstreetmap.org/node/8641835222,8641835222,2026-04-28 07:53:43.650201
24 Hour Fitness,https://www.24hourfitness.com/,24hourfitness.com,Santa Cruz,"",gyms,+1-831-454-0333,"",openstreetmap,https://www.openstreetmap.org/node/34569122,34569122,2026-04-28 07:53:43.650201
24 Hour Fitness,https://link.24go.co/eaSdv00EI1,link.24go.co,"","",gyms,+1-310-534-5100,"",openstreetmap,https://www.openstreetmap.org/node/1421406338,1421406338,2026-04-28 07:53:43.650201
24 Hour Fitness,https://www.24hourfitness.com/gyms/carlsbad-ca/la-costa-super-sport,24hourfitness.com,Carlsbad,CA,gyms,+1-760-704-0369,"",openstreetmap,https://www.openstreetmap.org/node/464748212,464748212,2026-04-28 07:53:43.650201
24 Hour Fitness,https://www.24hourfitness.com/gyms/el-cerrito-ca/el-cerrito-supersport,24hourfitness.com,"","",gyms,+1 510-900-6279,"",openstreetmap,https://www.openstreetmap.org/node/8758935570,8758935570,2026-04-28 07:53:43.650201
24 Hour Fitness,https://www.24hourfitness.com/Website/Club/00064,24hourfitness.com,Anaheim,CA,gyms,+1-714-525-9924,"",openstreetmap,https://www.openstreetmap.org/node/186386934,186386934,2026-04-28 07:53:43.650201
24 Hour Fitness,https://www.24hourfitness.com/gyms/monterey-park-ca/monterey-park-sport,24hourfitness.com,Monterey Park,CA,gyms,+1 626-537-2144,"",openstreetmap,https://www.openstreetmap.org/node/13341775164,13341775164,2026-04-28 07:53:43.650201
24 Hour Fitness,24go.co,24go.co,Sacramento,CA,gyms,+1 916 658 1626,"",openstreetmap,https://www.openstreetmap.org/node/313991371,313991371,2026-04-28 07:53:43.650201
24 Hour Fitness,https://www.24hourfitness.com/,24hourfitness.com,San Diego,CA,gyms,+1 858-485-7177,"",openstreetmap,https://www.openstreetmap.org/node/31816091,31816091,2026-04-28 07:53:43.650201
24 Hour Fitness,https://www.24hourfitness.com/gyms/arcadia-ca/arcadia-sport,24hourfitness.com,Arcadia,CA,gyms,+1 626-446-3000,"",openstreetmap,https://www.openstreetmap.org/node/4617511926,4617511926,2026-04-28 07:53:43.650201
24 Hour Fitness,https://www.24hourfitness.com/Website/Club/00930,24hourfitness.com,San Jose,CA,gyms,+1 408-513-3124,"",openstreetmap,https://www.openstreetmap.org/node/5307516173,5307516173,2026-04-28 07:53:43.650201
24 Hour Fitness,https://www.24hourfitness.com,24hourfitness.com,Compton,CA,gyms,+1-310-735-9114,"",openstreetmap,https://www.openstreetmap.org/node/351905071,351905071,2026-04-28 07:53:43.650201
24 Hour Fitness,https://www.24hourfitness.com/FindClubDetail.mvc?rt=2&clubid=00887,24hourfitness.com,Sunnyvale,"",gyms,+1 408 220 6588,"",openstreetmap,https://www.openstreetmap.org/node/1285762125,1285762125,2026-04-28 07:53:43.650201
24 Hour Fitness,http://24hourfitness.com,24hourfitness.com,"","",gyms,+1 510-278-9744,"",openstreetmap,https://www.openstreetmap.org/node/119748183,119748183,2026-04-28 07:53:43.650201
24 Hour Fitness Sport,https://www.24hourfitness.com/gyms/santa-fe-springs-ca/santa-fe-springs-sport,24hourfitness.com,Santa Fe Springs,CA,gyms,+1-562-407-2424,"",openstreetmap,https://www.openstreetmap.org/node/456773299,456773299,2026-04-28 07:53:43.650201
24 Hour Fitness Super Sport,https://www.24hourfitness.com/gyms/san-diego-ca/navajo-super-sport,24hourfitness.com,San Diego,CA,gyms,+1 619 916 0336,"",openstreetmap,https://www.openstreetmap.org/node/9978796240,9978796240,2026-04-28 07:53:43.650201
24 Hour Fitness Super Sport,https://www.24hourfitness.com/Website/Club/00811,24hourfitness.com,San Jose,CA,gyms,+1 408-490-3019,"",openstreetmap,https://www.openstreetmap.org/node/220942498,220942498,2026-04-28 07:53:43.650201
24 Hour Fitness Super Sport,https://www.24hourfitness.com/gyms/cerritos-ca/cerritos-super-sport,24hourfitness.com,Cerritos,CA,gyms,+1-562-263-5154,"",openstreetmap,https://www.openstreetmap.org/node/455801886,455801886,2026-04-28 07:53:43.650201
423 Yoga,https://www.423yoga.com/,423yoga.com,"","",gyms,+1 310-879-8662,"",openstreetmap,https://www.openstreetmap.org/node/9194649900,9194649900,2026-04-28 07:53:43.650201
9Round,https://www.9round.com/fitness/San-Jose-CA-x2424,9round.com,San Jose,CA,gyms,+1 408-476-2243,"",openstreetmap,https://www.openstreetmap.org/node/5761783715,5761783715,2026-04-28 07:53:43.650201
9Round,https://www.9round.com/,9round.com,Milpitas,CA,gyms,+1 408-493-6328,"",openstreetmap,https://www.openstreetmap.org/node/8645363095,8645363095,2026-04-28 07:53:43.650201
9Round,https://www.9round.com,9round.com,"","",gyms,+1 916 400 9913,"",openstreetmap,https://www.openstreetmap.org/node/10088042718,10088042718,2026-04-28 07:53:43.650201
9Round Fitness,https://www.9round.com/fitness/Orange-CA-x9222,9round.com,Orange,CA,gyms,+1-714-721-9942,"",openstreetmap,https://www.openstreetmap.org/node/183178334,183178334,2026-04-28 07:53:43.650201
A7 Personal Training,https://A7PERSONALTRAINING.com,A7PERSONALTRAINING.com,Corona Del Mar,CA,gyms,+1 2149349541,"",openstreetmap,https://www.openstreetmap.org/node/13009875000,13009875000,2026-04-28 07:53:43.650201
ABC's of Dance,https://www.abcsofdanceweho.com/,abcsofdanceweho.com,West Hollywood,CA,gyms,+1-310-923-0888,info@abcsofdanceweho.com,openstreetmap,https://www.openstreetmap.org/node/5247316841,5247316841,2026-04-28 07:53:43.650201
AC4 Fitness,https://www.ac4fitness.com/santa-barbara/,ac4fitness.com,Santa Barbara,CA,gyms,+1 805-845-4348,info@ac4fitness.com,openstreetmap,https://www.openstreetmap.org/node/13321435023,13321435023,2026-04-28 07:53:43.650201
AC4 Fitness,https://www.ac4fitness.com/goleta/,ac4fitness.com,Goleta,CA,gyms,+1 805-845-4348,info@ac4fitness.com,openstreetmap,https://www.openstreetmap.org/node/13416593862,13416593862,2026-04-28 07:53:43.650201
AK Martial Arts & Fitness,https://akkarate.com/,akkarate.com,"","",gyms,+1-760-828-7165,"",openstreetmap,https://www.openstreetmap.org/node/12451468315,12451468315,2026-04-28 07:53:43.650201
Active Age Fitness,http://www.activeagefitness.com/,activeagefitness.com,Sunnyvale,CA,gyms,+1 408-524-0600,"",openstreetmap,https://www.openstreetmap.org/node/1843364383,1843364383,2026-04-28 07:53:43.650201
Albany YMCA,https://ymcaeastbay.org/locations/albany-ymca,ymcaeastbay.org,"","",gyms,+1 510-525-1130,"",openstreetmap,https://www.openstreetmap.org/node/10223945434,10223945434,2026-04-28 07:53:43.650201
Align,https://www.experiencealign.com/,experiencealign.com,Redding,CA,gyms,+1 530-961-3983,info@experiencealign.com,openstreetmap,https://www.openstreetmap.org/node/510894816,510894816,2026-04-28 07:53:43.650201
Alliance Jiu-Jitsu,https://alliancesandiego.com/,alliancesandiego.com,San Diego,CA,gyms,+1-858-549-1226,"",openstreetmap,https://www.openstreetmap.org/node/13726567198,13726567198,2026-04-28 07:53:43.650201
Alpine Climbing Adventure Fitness,https://climbatalpine.com,climbatalpine.com,Ripon,CA,gyms,+1-209-509-4077,climbon@climbatalpine.com,openstreetmap,https://www.openstreetmap.org/node/1316582078,1316582078,2026-04-28 07:53:43.650201
American Swim Academy,https://americanswimacademy.com/,americanswimacademy.com,Fremont,CA,gyms,+1-510-657-7946,Fremont@SwimASA.com,openstreetmap,https://www.openstreetmap.org/node/10687241962,10687241962,2026-04-28 07:53:43.650201
Angels Camp Body Shop,https://angelscampbodyshop.com/,angelscampbodyshop.com,Angels Camp,CA,gyms,+1-209-213-9753,jen@angelscampbodyshop.com,openstreetmap,https://www.openstreetmap.org/node/11689672320,11689672320,2026-04-28 07:53:43.650201
Anthony Silva Fitness,https://anthonysilvafitness.com,anthonysilvafitness.com,"","",gyms,+1 415-234-0619,"",openstreetmap,https://www.openstreetmap.org/node/12337873692,12337873692,2026-04-28 07:53:43.650201
Anytime Fitness,https://www.anytimefitness.com/gyms/2863/roseville-ca-95661/,anytimefitness.com,Roseville,CA,gyms,+1 916-789-0110,"",openstreetmap,https://www.openstreetmap.org/node/11149072610,11149072610,2026-04-28 07:53:43.650201
Anytime Fitness,https://www.anytimefitness.com/gyms/4502/pacific-grove-ca-93950/,anytimefitness.com,Pacific Grove,CA,gyms,+1 831-324-4004,"",openstreetmap,https://www.openstreetmap.org/node/624105771,624105771,2026-04-28 07:53:43.650201
Anytime Fitness,https://www.anytimefitness.com/gyms/3967/ramona-ca-92065/,anytimefitness.com,Ramona,CA,gyms,+1 760-315-4040,"",openstreetmap,https://www.openstreetmap.org/node/1067716835,1067716835,2026-04-28 07:53:43.650201
Anytime Fitness,https://www.anytimefitness.com/gyms/4906/santa-cruz-ca-95060/,anytimefitness.com,Santa Cruz,CA,gyms,+1 831-777-3999,"",openstreetmap,https://www.openstreetmap.org/node/35026949,35026949,2026-04-28 07:53:43.650201
Anytime Fitness,https://www.anytimefitness.com/gyms/5174/rocklin-ca-95765/,anytimefitness.com,Rocklin,CA,gyms,+1 916-435-7900,"",openstreetmap,https://www.openstreetmap.org/node/11298739965,11298739965,2026-04-28 07:53:43.650201
Anytime Fitness,https://www.anytimefitness.com/gyms/3849/el-segundo-ca-90245/,anytimefitness.com,El Segundo,CA,gyms,+1 424-277-9000,"",openstreetmap,https://www.openstreetmap.org/node/9918001001,9918001001,2026-04-28 07:53:43.650201
Anytime Fitness,https://www.anytimefitness.com/gyms/4371/marina-ca-93933/,anytimefitness.com,Marina,CA,gyms,+1 831-917-9499,"",openstreetmap,https://www.openstreetmap.org/node/7090056079,7090056079,2026-04-28 07:53:43.650201
Anytime Fitness,https://www.anytimefitness.com/gyms/5302/galt-ca-95632/,anytimefitness.com,Galt,CA,gyms,+1 209-314-1600,"",openstreetmap,https://www.openstreetmap.org/node/7520346639,7520346639,2026-04-28 07:53:43.650201
Anytime Fitness,https://www.anytimefitness.com/gyms/2373/hermosa-beach-ca-90254/,anytimefitness.com,Hermosa Beach,CA,gyms,+1 310-303-3334,"",openstreetmap,https://www.openstreetmap.org/node/9718919024,9718919024,2026-04-28 07:53:43.650201
Anytime Fitness,https://www.anytimefitness.com/gyms/2995/novato-ca-94947/,anytimefitness.com,Novato,CA,gyms,+1 415-898-1166,"",openstreetmap,https://www.openstreetmap.org/node/692054384,692054384,2026-04-28 07:53:43.650201
Anytime Fitness,https://www.anytimefitness.com/gyms/956/jackson-ca-95642/,anytimefitness.com,Jackson,CA,gyms,+1 209-223-3636,"",openstreetmap,https://www.openstreetmap.org/node/9666103530,9666103530,2026-04-28 07:53:43.650201
Anytime Fitness,https://www.anytimefitness.com/gyms/4565/folsom-ca-95630/,anytimefitness.com,Folsom,CA,gyms,+1 916-741-2030,"",openstreetmap,https://www.openstreetmap.org/node/12624448814,12624448814,2026-04-28 07:53:43.650201
Anytime Fitness,https://www.anytimefitness.com/gyms/2980/santa-clara-ca-95050/,anytimefitness.com,Santa Clara,CA,gyms,+1 408-244-2884,"",openstreetmap,https://www.openstreetmap.org/node/10068029357,10068029357,2026-04-28 07:53:43.650201
Anytime Fitness,https://www.anytimefitness.com/gyms/3154/thousand-oaks-ca-91320/,anytimefitness.com,Thousand Oaks,CA,gyms,+1 805-379-9909,"",openstreetmap,https://www.openstreetmap.org/node/11369158673,11369158673,2026-04-28 07:53:43.650201
Anytime Fitness,https://www.anytimefitness.com/gyms/5309/long-beach-ca-90808/,anytimefitness.com,Long Beach,CA,gyms,+1 562-270-9755,"",openstreetmap,https://www.openstreetmap.org/node/3001839824,3001839824,2026-04-28 07:53:43.650201
Anytime Fitness,https://www.anytimefitness.com/gyms/4922/san-jose-ca-95136/,anytimefitness.com,San Jose,CA,gyms,+1 408-790-1790,"",openstreetmap,https://www.openstreetmap.org/node/2340812036,2340812036,2026-04-28 07:53:43.650201
Anytime Fitness,https://www.anytimefitness.com/gyms/4872/carmel-by-the-sea-ca-93923/,anytimefitness.com,Carmel-By-The-Sea,CA,gyms,+1 831-293-8338,"",openstreetmap,https://www.openstreetmap.org/node/11142760588,11142760588,2026-04-28 07:53:43.650201
Anytime Fitness,https://www.anytimefitness.com/gyms/1491/seal-beach-ca-90740/,anytimefitness.com,Seal Beach,CA,gyms,+1 562-598-2100,"",openstreetmap,https://www.openstreetmap.org/node/5040076621,5040076621,2026-04-28 07:53:43.650201
Anytime Fitness,https://www.anytimefitness.com/gyms/1801/tarzana-ca-91356/,anytimefitness.com,Tarzana,CA,gyms,+1 818-642-5277,"",openstreetmap,https://www.openstreetmap.org/node/11749287831,11749287831,2026-04-28 07:53:43.650201
Anytime Fitness,https://www.anytimefitness.com/gyms/4224/grass-valley-ca-95945/,anytimefitness.com,Grass Valley,CA,gyms,+1 530-652-4680,"",openstreetmap,https://www.openstreetmap.org/node/860830682,860830682,2026-04-28 07:53:43.650201
Anytime Fitness,https://www.anytimefitness.com/gyms/4222/pinole-ca-94564/,anytimefitness.com,Pinole,CA,gyms,+1 510-222-5646,"",openstreetmap,https://www.openstreetmap.org/node/10858683561,10858683561,2026-04-28 07:53:43.650201
Anytime Fitness,https://www.anytimefitness.com/gyms/3063/oxnard-ca-93030/,anytimefitness.com,Oxnard,CA,gyms,+1 805-983-7770,"",openstreetmap,https://www.openstreetmap.org/node/7771812875,7771812875,2026-04-28 07:53:43.650201
Anytime Fitness,https://www.anytimefitness.com/gyms/4472/pacifica-ca-94044/,anytimefitness.com,Pacifica,CA,gyms,+1 650-808-7745,"",openstreetmap,https://www.openstreetmap.org/node/11847450389,11847450389,2026-04-28 07:53:43.650201
Anytime Fitness,https://www.anytimefitness.com/gyms/3170/Berkeley-CA-94707/,anytimefitness.com,Berkeley,CA,gyms,+1 510-526-4900,"",openstreetmap,https://www.openstreetmap.org/node/2580394139,2580394139,2026-04-28 07:53:43.650201
Anytime Fitness,https://www.anytimefitness.com/gyms/2589/la-canada-flintridge-ca-91011/,anytimefitness.com,La Canada Flintridge,CA,gyms,+1 818-928-1314,"",openstreetmap,https://www.openstreetmap.org/node/5760795591,5760795591,2026-04-28 07:53:43.650201
Anytime Fitness,https://www.anytimefitness.com/gyms/3438/livermore-ca-94550/,anytimefitness.com,Livermore,CA,gyms,+1 925-292-7196,"",openstreetmap,https://www.openstreetmap.org/node/9121305165,9121305165,2026-04-28 07:53:43.650201
Anytime Fitness,https://www.anytimefitness.com/gyms/341/Rancho-Cucamonga-CA-91730/,anytimefitness.com,Rancho Cucamonga,CA,gyms,+1 909-484-6880,"",openstreetmap,https://www.openstreetmap.org/node/7168500058,7168500058,2026-04-28 07:53:43.650201
Anytime Fitness,https://www.anytimefitness.com/locations/san-leandro-california-3614,anytimefitness.com,San Leandro,CA,gyms,+1-510-357-7711,"",openstreetmap,https://www.openstreetmap.org/node/12310506411,12310506411,2026-04-28 07:53:43.650201
Anytime Fitness,https://www.anytimefitness.com/gyms/1783/loomis-ca-95650/,anytimefitness.com,Loomis,CA,gyms,+1-916-660-0700,"",openstreetmap,https://www.openstreetmap.org/node/1354439213,1354439213,2026-04-28 07:53:43.650201
Anytime Fitness,https://www.anytimefitness.com/gyms/2149/orcutt-ca-93455/,anytimefitness.com,Santa Maria,CA,gyms,+1 805-938-1300,"",openstreetmap,https://www.openstreetmap.org/node/2209241492,2209241492,2026-04-28 07:53:43.650201
Anytime Fitness,https://www.anytimefitness.com/gyms/2417/morgan-hill-ca-95037/,anytimefitness.com,Morgan Hill,CA,gyms,+1 408-776-8980,"",openstreetmap,https://www.openstreetmap.org/node/2140762847,2140762847,2026-04-28 07:53:43.650201
Anytime Fitness,https://www.anytimefitness.com/gyms/3996/El-Cajon-CA-92019/,anytimefitness.com,San Diego,CA,gyms,+1 619-741-3211,"",openstreetmap,https://www.openstreetmap.org/node/9203987289,9203987289,2026-04-28 07:53:43.650201
Anytime Fitness,https://www.anytimefitness.com/gyms/4501/salinas-ca-93905/,anytimefitness.com,Salinas,CA,gyms,+1 831-751-1622,"",openstreetmap,https://www.openstreetmap.org/node/7134331698,7134331698,2026-04-28 07:53:43.650201
Anytime Fitness,https://www.anytimefitness.com/gyms/4309/glendale-ca-91205/,anytimefitness.com,Glendale,CA,gyms,+1 818-584-7700,"",openstreetmap,https://www.openstreetmap.org/node/11539165326,11539165326,2026-04-28 07:53:43.650201
Anytime Fitness,https://www.anytimefitness.com/gyms/5042/sebastopol-ca-95472/,anytimefitness.com,Sebastopol,CA,gyms,+1 707-340-6756,"",openstreetmap,https://www.openstreetmap.org/node/11280711502,11280711502,2026-04-28 07:53:43.650201
Anytime Fitness,https://www.anytimefitness.com/gyms/3167/hollister-ca-95023/,anytimefitness.com,Hollister,CA,gyms,+1 831-636-4699,"",openstreetmap,https://www.openstreetmap.org/node/12771652780,12771652780,2026-04-28 07:53:43.650201
Anytime Fitness,https://www.anytimefitness.com/gyms/3393/chatsworth-ca-91311/,anytimefitness.com,Chatsworth,CA,gyms,+1 818-477-2323,"",openstreetmap,https://www.openstreetmap.org/node/431674186,431674186,2026-04-28 07:53:43.650201
Anytime Fitness,https://www.anytimefitness.com/gyms/2615/redding-ca-96001/,anytimefitness.com,Redding,CA,gyms,+1 530-255-8087,"",openstreetmap,https://www.openstreetmap.org/node/7262587459,7262587459,2026-04-28 07:53:43.650201
Anytime Fitness,https://anytimefitness.com,anytimefitness.com,Santa Rosa,ca,gyms,+1-707-578-4900,"",openstreetmap,https://www.openstreetmap.org/node/13186349150,13186349150,2026-04-28 07:53:43.650201
Anytime Fitness,https://www.anytimefitness.com/gyms/2547/petaluma-ca-94954/,anytimefitness.com,Petaluma,CA,gyms,+1 707-779-2155,"",openstreetmap,https://www.openstreetmap.org/node/6361629574,6361629574,2026-04-28 07:53:43.650201
Anytime Fitness,https://www.anytimefitness.com/gyms/3705/simi-valley-ca-93065/,anytimefitness.com,Simi Valley,CA,gyms,+1 805-522-5175,"",openstreetmap,https://www.openstreetmap.org/node/11835762792,11835762792,2026-04-28 07:53:43.650201
Anytime Fitness,https://www.anytimefitness.com/gyms/4356/sausalito-ca-94965/,anytimefitness.com,Sausalito,CA,gyms,+1 415-480-3838,"",openstreetmap,https://www.openstreetmap.org/node/6778998197,6778998197,2026-04-28 07:53:43.650201
Anytime Fitness,https://www.anytimefitness.com/gyms/2542/culver-city-ca-90230/,anytimefitness.com,Culver City,CA,gyms,+1 424-672-3488,"",openstreetmap,https://www.openstreetmap.org/node/8462756072,8462756072,2026-04-28 07:53:43.650201
Anytime Fitness,https://www.anytimefitness.com/gyms/1779/ukiah-ca-95482/,anytimefitness.com,Ukiah,CA,gyms,+1 707-468-9999,"",openstreetmap,https://www.openstreetmap.org/node/6582726871,6582726871,2026-04-28 07:53:43.650201
Anytime Fitness,https://www.anytimefitness.com/locations/sonoma-california-3009,anytimefitness.com,Sonoma,CA,gyms,+1 707-938-7154,"",openstreetmap,https://www.openstreetmap.org/node/2834991774,2834991774,2026-04-28 07:53:43.650201
Anytime Fitness,https://www.anytimefitness.com/gyms/4916/salinas-ca-93901/,anytimefitness.com,Salinas,CA,gyms,+1 831-484-7878,"",openstreetmap,https://www.openstreetmap.org/node/11208974237,11208974237,2026-04-28 07:53:43.650201
Anytime Fitness,https://www.anytimefitness.com/gyms/2687/redlands-ca-92374/,anytimefitness.com,Redlands,CA,gyms,+1 909-798-5000,"",openstreetmap,https://www.openstreetmap.org/node/2602885421,2602885421,2026-04-28 07:53:43.650201
Anytime Fitness,https://www.anytimefitness.com/gyms/4302/monterey-ca-93940/,anytimefitness.com,Monterey,CA,gyms,+1 831-373-1234,"",openstreetmap,https://www.openstreetmap.org/node/9277048737,9277048737,2026-04-28 07:53:43.650201
Anytime Fitness,https://www.anytimefitness.com/gyms/4649/aptos-ca-95003/,anytimefitness.com,Aptos,CA,gyms,+1 831-662-1977,"",openstreetmap,https://www.openstreetmap.org/node/11145489988,11145489988,2026-04-28 07:53:43.650201
Anytime Fitness,https://www.anytimefitness.com/gyms/3525/fairfield-ca-94533/,anytimefitness.com,Fairfield,CA,gyms,+1 707-673-4244,"",openstreetmap,https://www.openstreetmap.org/node/10062490111,10062490111,2026-04-28 07:53:43.650201
Anytime Fitness,https://www.anytimefitness.com/gyms/4557/vacaville-ca-95687/,anytimefitness.com,Vacaville,CA,gyms,+1 707-685-8000,"",openstreetmap,https://www.openstreetmap.org/node/10067495444,10067495444,2026-04-28 07:53:43.650201
Anytime Fitness,https://www.anytimefitness.com/gyms/2894/san-juan-capistrano-ca-92675/,anytimefitness.com,San Juan Capistrano,CA,gyms,+1 949-481-2220,"",openstreetmap,https://www.openstreetmap.org/node/2993126507,2993126507,2026-04-28 07:53:43.650201
Anytime Fitness,https://www.anytimefitness.com/gyms/2799/gilroy-ca-95020/,anytimefitness.com,Gilroy,CA,gyms,+1 408-846-4222,GilroyCA@anytimefitness.com,openstreetmap,https://www.openstreetmap.org/node/12335467136,12335467136,2026-04-28 07:53:43.650201
Anytime Fitness,https://www.anytimefitness.com/gyms/2022/susanville-ca-96130/,anytimefitness.com,Susanville,CA,gyms,+1 530-257-7770,"",openstreetmap,https://www.openstreetmap.org/node/8336552957,8336552957,2026-04-28 07:53:43.650201
Anytime Fitness,https://www.anytimefitness.com/gyms/2835/rancho-cordova-ca-95670/,anytimefitness.com,Rancho Cordova,CA,gyms,+1 916-706-0090,"",openstreetmap,https://www.openstreetmap.org/node/5380539061,5380539061,2026-04-28 07:53:43.650201
Anytime Fitness,https://www.anytimefitness.com/gyms/3919/chula-vista-ca-91914/,anytimefitness.com,Chula Vista,CA,gyms,+1 619-796-7777,"",openstreetmap,https://www.openstreetmap.org/node/10170216865,10170216865,2026-04-28 07:53:43.650201
Art Of Living Yoga & Meditation Center,https://www.artofliving.org/us-en/santa-clara,artofliving.org,Santa Clara,"",gyms,+1-408-365-4265,"",openstreetmap,https://www.openstreetmap.org/node/11134803558,11134803558,2026-04-28 07:53:43.650201
Aspen Fitness 24-7,https://www.aspenfitness247.com/,aspenfitness247.com,Riverbank,CA,gyms,+1-209-869-4916,"",openstreetmap,https://www.openstreetmap.org/node/1168780108,1168780108,2026-04-28 07:53:43.650201
Athletic Goal Club,https://i56178.wixsite.com/athleticgoalclub,i56178.wixsite.com,Bakersfield,CA,gyms,+1-661-456-7890,"",openstreetmap,https://www.openstreetmap.org/node/11959064734,11959064734,2026-04-28 07:53:43.650201
Athlon Health and Fitness,athlonhealth.com,athlonhealth.com,"","",gyms,+1-805-226-0975,"",openstreetmap,https://www.openstreetmap.org/node/5284757340,5284757340,2026-04-28 07:53:43.650201
Auburn Racquet & Fitness Club,https://www.ar-fc.com,ar-fc.com,Auburn,CA,gyms,+1-530-885-1602,"",openstreetmap,https://www.openstreetmap.org/node/1027496402,1027496402,2026-04-28 07:53:43.650201
Aura Yoga,https://www.auraworkout.com,auraworkout.com,West Hollywood,CA,gyms,+1-323-570-0570,aura@aurayoga.com,openstreetmap,https://www.openstreetmap.org/node/5133454764,5133454764,2026-04-28 07:53:43.650201
Avenir-LA,https://www.avenir-la.com,avenir-la.com,Los Angeles,CA,gyms,+1-213-921-0900,"",openstreetmap,https://www.openstreetmap.org/node/11422913203,11422913203,2026-04-28 07:53:43.650201
Axe Thro Company,https://axethroco.com,axethroco.com,San Diego,CA,gyms,+1 619-719-5593,"",openstreetmap,https://www.openstreetmap.org/node/12128721587,12128721587,2026-04-28 07:53:43.650201
BE Fit Modern Pilates - SD Downtown East Village,https://befitmp.com/,befitmp.com,San Diego,CA,gyms,+1-619-780-3313,"",openstreetmap,https://www.openstreetmap.org/node/9339501291,9339501291,2026-04-28 07:53:43.650201
Balance Yoga Center,https://www.balanceyogacenteronline.com/,balanceyogacenteronline.com,San Jose,CA,gyms,+1-408-326-0200,"",openstreetmap,https://www.openstreetmap.org/node/11781972603,11781972603,2026-04-28 07:53:43.650201
Balanced Motions,https://www.balancedmotions.com/,balancedmotions.com,San Jose,CA,gyms,+1-408-250-1595,"",openstreetmap,https://www.openstreetmap.org/node/8691856585,8691856585,2026-04-28 07:53:43.650201
Barre Defined,https://www.barredefinedturlock.com/,barredefinedturlock.com,Turlock,CA,gyms,+1 209 250 2806,info@barredefinedturlock.com,openstreetmap,https://www.openstreetmap.org/node/12663491388,12663491388,2026-04-28 07:53:43.650201
Barre3,https://barre3.com/studio-locations/laguna-niguel,barre3.com,Laguna Niguel,CA,gyms,+1-949-328-9633,"",openstreetmap,https://www.openstreetmap.org/node/5504521896,5504521896,2026-04-28 07:53:43.650201
Barrel Up Training Facility,https://www.barreluptrainingfacility.com/,barreluptrainingfacility.com,Belmont,CA,gyms,+1-650-394-4707,"",openstreetmap,https://www.openstreetmap.org/node/10560436018,10560436018,2026-04-28 07:53:43.650201
Barry's,https://www.barrys.com/studio/santana-row/,barrys.com,San Jose,CA,gyms,+1 408-345-0382,"",openstreetmap,https://www.openstreetmap.org/node/12121209450,12121209450,2026-04-28 07:53:43.650201
Barry's,https://www.barrys.com/studio/castro/,barrys.com,San Francisco,CA,gyms,+1 415-800-7065,castro@barrys.com,openstreetmap,https://www.openstreetmap.org/node/6496142801,6496142801,2026-04-28 07:53:43.650201
Barry's,https://www.barrys.com/studio/palo-alto/,barrys.com,Palo Alto,CA,gyms,+1 650-323-1267,paloalto@barrys.com,openstreetmap,https://www.openstreetmap.org/node/2565271187,2565271187,2026-04-28 07:53:43.650201
Barry's,https://www.barrys.com/studio/fidi/,barrys.com,San Francisco,CA,gyms,+1 415 5449934,fidisf@barrys.com,openstreetmap,https://www.openstreetmap.org/node/9411404744,9411404744,2026-04-28 07:53:43.650201
Basecamp Fitness,https://www.basecampfitness.com/studio/burlingame,basecampfitness.com,Burlingame,CA,gyms,+1-650-502-0844,"",openstreetmap,https://www.openstreetmap.org/node/11650360069,11650360069,2026-04-28 07:53:43.650201
Basecamp Fitness,https://www.basecampfitness.com/studio/pasadena,basecampfitness.com,Pasadena,CA,gyms,+1 626-714-7600,pasadena@basecampfitness.com,openstreetmap,https://www.openstreetmap.org/node/4808297544,4808297544,2026-04-28 07:53:43.650201
Basecamp Fitness,https://basecampfitness.co/locations/west-hollywood/,basecampfitness.co,West Hollywood,CA,gyms,+1-424-343-0555,weho@basecampfitness.co,openstreetmap,https://www.openstreetmap.org/node/5246349709,5246349709,2026-04-28 07:53:43.650201
Bay Aerials Gymnastics,https://www.bayaerials.com/,bayaerials.com,"","",gyms,+1 510 6515870,"",openstreetmap,https://www.openstreetmap.org/node/3936294998,3936294998,2026-04-28 07:53:43.650201
Bay Club,https://www.bayclubs.com/ElSegundo/,bayclubs.com,El Segundo,CA,gyms,+1-310-643-6978,"",openstreetmap,https://www.openstreetmap.org/node/424945844,424945844,2026-04-28 07:53:43.650201
Bay Club Courtside,https://www.bayclubs.com/courtside/,bayclubs.com,Los Gatos,CA,gyms,+1 408-395-7111,info.bccs@bayclubs.com,openstreetmap,https://www.openstreetmap.org/node/1382101104,1382101104,2026-04-28 07:53:43.650201
Bay Club Redwood Shores,https://www.bayclubs.com/redwoodshores/,bayclubs.com,Redwood City,CA,gyms,+1-650-593-4900,"",openstreetmap,https://www.openstreetmap.org/node/98952449,98952449,2026-04-28 07:53:43.650201
Bay Club Redwood Shores,https://www.bayclubs.com/redwoodshores,bayclubs.com,"","",gyms,+1-650-593-4900,"",openstreetmap,https://www.openstreetmap.org/way/1872894,-1872894,2026-04-28 07:53:43.650201
Bay-O-Vista Swim & Tennis Club,https://bovswim.com/,bovswim.com,San Leandro,CA,gyms,+1-510-357-8366,"",openstreetmap,https://www.openstreetmap.org/node/4588826539,4588826539,2026-04-28 07:53:43.650201
Bayclub Pleasanton,https://www.bayclubs.com/pleasanton/,bayclubs.com,Pleasanton,CA,gyms,+1 925-463-2822,concierge@bayclubs.com,openstreetmap,https://www.openstreetmap.org/node/233066651,233066651,2026-04-28 07:53:43.650201
Be Well Be Strong Pilates,https://www.bewellbestrongpilatesllc.com/,bewellbestrongpilatesllc.com,Sebastopol,CA,gyms,+1-707-827-8358,bwbsp@sonic.net,openstreetmap,https://www.openstreetmap.org/node/13475056852,13475056852,2026-04-28 07:53:43.650201
Beale Rod-N-Gun Club,https://www.bealefss.com/rod-n-gun-club.html,bealefss.com,Beale AFB,CA,gyms,+1-530-788-2473,bealerodngun@gmail.com,openstreetmap,https://www.openstreetmap.org/node/3310622697,3310622697,2026-04-28 07:53:43.650201
Benchmark Climbing,https://www.benchmarkclimbing.com/,benchmarkclimbing.com,San Francisco,CA,gyms,+1 415 9137490,info@benchmarkclimbing.com,openstreetmap,https://www.openstreetmap.org/node/4004802465,4004802465,2026-04-28 07:53:43.650201
Berkeley Ironworks,https://touchstoneclimbing.com/ironworks/,touchstoneclimbing.com,Berkeley,CA,gyms,+1 510 9819900,contactbi@touchstoneclimbing.com,openstreetmap,https://www.openstreetmap.org/node/157158278,157158278,2026-04-28 07:53:43.650201
Berkeley YMCA,https://ymcaeastbay.org/locations/berkeley-ymca,ymcaeastbay.org,Berkeley,CA,gyms,+1 510 848 9622,"",openstreetmap,https://www.openstreetmap.org/node/43001975,43001975,2026-04-28 07:53:43.650201
Bernal Yoga,https://bernalyoga.com/,bernalyoga.com,"","",gyms,+1-415-643-9007,"",openstreetmap,https://www.openstreetmap.org/node/4637222973,4637222973,2026-04-28 07:53:43.650201
Beverly Hills Karate Academy,http://www.beverlyhillskarateacademy.com,beverlyhillskarateacademy.com,West Hollywood,CA,gyms,+1-310-275-2661,"",openstreetmap,https://www.openstreetmap.org/node/440839027,440839027,2026-04-28 07:53:43.650201
Bija Yoga,https://bijayoga.com,bijayoga.com,"","",gyms,+1 415-661-9642,"",openstreetmap,https://www.openstreetmap.org/node/12300049959,12300049959,2026-04-28 07:53:43.650201
Bikram Hot Yoga,https://hotyogaplus-sf.com,hotyogaplus-sf.com,"","",gyms,+1 415-340-3281,"",openstreetmap,https://www.openstreetmap.org/node/6829148264,6829148264,2026-04-28 07:53:43.650201
Bikram Yoga San Jose,https://bikramyogasanjose.com,bikramyogasanjose.com,San Jose,"",gyms,+1 408 255 9910,"",openstreetmap,https://www.openstreetmap.org/node/2570745262,2570745262,2026-04-28 07:53:43.650201
Bishop Strength and Wellness,https://www.bishopstrength.com/,bishopstrength.com,bishop,CA,gyms,+1-760-920-5420,"",openstreetmap,https://www.openstreetmap.org/node/10647677197,10647677197,2026-04-28 07:53:43.650201
Bladium Sports & Fitness Club,https://www.bladium.com/,bladium.com,"","",gyms,+1-510-814-4999,alamedasoccer@bladium.com,openstreetmap,https://www.openstreetmap.org/node/4413356501,4413356501,2026-04-28 07:53:43.650201
Blossoming Lotus,blossominglotusgyrotonic.com,blossominglotusgyrotonic.com,Claremont,CA,gyms,+1-808-756-1628,"",openstreetmap,https://www.openstreetmap.org/node/12389356172,12389356172,2026-04-28 07:53:43.650201
Blue Moon,https://bluemoonyogastudios.com/,bluemoonyogastudios.com,Clovis,CA,gyms,+1-559-325-2583,"",openstreetmap,https://www.openstreetmap.org/node/12974807494,12974807494,2026-04-28 07:53:43.650201
Blue Moon Yoga,https://www.bluemoonyogastudios.com/,bluemoonyogastudios.com,Fresno,CA,gyms,+1-559-434-2469,"",openstreetmap,https://www.openstreetmap.org/node/12411532624,12411532624,2026-04-28 07:53:43.650201
Body By Discipline,https://www.bodybydiscipline.com,bodybydiscipline.com,Lemon Grove,CA,gyms,+1-619-719-6569,"",openstreetmap,https://www.openstreetmap.org/node/1090901593,1090901593,2026-04-28 07:53:43.650201
Body By Simone,https://www.bodybysimone.com/locations/los-angeles/,bodybysimone.com,West Hollywood,CA,gyms,+1-310-360-0335,infola@bodybysimone.com,openstreetmap,https://www.openstreetmap.org/node/5247316905,5247316905,2026-04-28 07:53:43.650201
Body Evolution OC,https://www.bodyevolutionoc.com/,bodyevolutionoc.com,Laguna Hills,CA,gyms,+1-949-510-6946,"",openstreetmap,https://www.openstreetmap.org/node/4971597231,4971597231,2026-04-28 07:53:43.650201
Bomitra Yoga,https://bomitrayoga.com/,bomitrayoga.com,"","",gyms,+1-650-967-2968,"",openstreetmap,https://www.openstreetmap.org/node/5031457745,5031457745,2026-04-28 07:53:43.650201
Bond Fitness,https://www.bondfitness.com/,bondfitness.com,Santa Barbara,CA,gyms,+1 805-845-6700,"",openstreetmap,https://www.openstreetmap.org/node/13241520219,13241520219,2026-04-28 07:53:43.650201
Boppilates,https://boppilatesboutique.com/,boppilatesboutique.com,Fresno,CA,gyms,+1-559-940-0279,"",openstreetmap,https://www.openstreetmap.org/node/12411532632,12411532632,2026-04-28 07:53:43.650201
Boulevard Fitness,blvdfitness.com,blvdfitness.com,San Diego,"",gyms,+1-619-296-7878,"",openstreetmap,https://www.openstreetmap.org/node/596067116,596067116,2026-04-28 07:53:43.650201
Breeze Lagree,https://breezelagree.com,breezelagree.com,Costa Mesa,CA,gyms,+1-949-423-6250,"",openstreetmap,https://www.openstreetmap.org/node/13451864502,13451864502,2026-04-28 07:53:43.650201
Brenda Athletic Clubs - Turlock Sport Club,https://www.brendaathletics.com/turlock-contact,brendaathletics.com,Turlock,CA,gyms,+1 209 668 3838,esmeraldat@brendaathletics.com,openstreetmap,https://www.openstreetmap.org/node/1423761683,1423761683,2026-04-28 07:53:43.650201
Bridges Rock Gym,https://www.bridgesrockgym.com/,bridgesrockgym.com,El Cerrito,CA,gyms,+1-510-525-5635,"",openstreetmap,https://www.openstreetmap.org/node/109504819,109504819,2026-04-28 07:53:43.650201
Build Private Access Gym,https://joinbuildgym.com/,joinbuildgym.com,San Diego,CA,gyms,+1-619-304-9966,info@joinbuildgym.com,openstreetmap,https://www.openstreetmap.org/node/5747730531,5747730531,2026-04-28 07:53:43.650201
Built Fit City,https://www.builtfitgym.net,builtfitgym.net,"","",gyms,+1-408-497-1208,"",openstreetmap,https://www.openstreetmap.org/node/13276687064,13276687064,2026-04-28 07:53:43.650201
Bunda,https://www.trainbunda.com/locations/pasadena-ca/,trainbunda.com,Pasadena,CA,gyms,+1 626-298-6226,pasadena@trainbunda.com,openstreetmap,https://www.openstreetmap.org/node/3178371565,3178371565,2026-04-28 07:53:43.650201
Burbank Tennis Center,https://www.burbanktenniscenter.com/,burbanktenniscenter.com,Burbank,CA,gyms,+1-818-843-4105,"",openstreetmap,https://www.openstreetmap.org/node/31967789,31967789,2026-04-28 07:53:43.650201
Burn 60,https://burn60.com/west-hollywood/,burn60.com,West Hollywood,CA,gyms,+1-213-261-3622,"",openstreetmap,https://www.openstreetmap.org/node/5206110789,5206110789,2026-04-28 07:53:43.650201
CB Fit,https://www.cbfit.com/,cbfit.com,"","",gyms,+1-925-448-8202,"",openstreetmap,https://www.openstreetmap.org/node/9656779058,9656779058,2026-04-28 07:53:43.650201
CCC Fitness,https://www.cccfitness.com/,cccfitness.com,San Luis Obispo,CA,gyms,+1 805 305 1915,cccfitnesstv@gmail.com,openstreetmap,https://www.openstreetmap.org/node/11247428661,11247428661,2026-04-28 07:53:43.650201
Cal City MX Park,http://www.calcitymxpark.com/,calcitymxpark.com,"","",gyms,+1 760 977 9774,"",openstreetmap,https://www.openstreetmap.org/node/558600665,558600665,2026-04-28 07:53:43.650201
Cal Raceway,https://calraceway.com/,calraceway.com,Orange,CA,gyms,+1-714-348-1924,"",openstreetmap,https://www.openstreetmap.org/node/777214186,777214186,2026-04-28 07:53:43.650201
Calcourts Health & Fitness Center,https://calcourtsfitness.com/,calcourtsfitness.com,"","",gyms,+1-707-445-5445,"",openstreetmap,https://www.openstreetmap.org/node/865699951,865699951,2026-04-28 07:53:43.650201
Cañada College Athletic Center,https://comfit.canadacollege.edu/,comfit.canadacollege.edu,"","",gyms,+1-650-381-3575,"",openstreetmap,https://www.openstreetmap.org/node/11880554550,11880554550,2026-04-28 07:53:43.650201
CenCal Barbell,https://www.cencalbarbell.com/,cencalbarbell.com,Fresno,CA,gyms,+15598909463,"",openstreetmap,https://www.openstreetmap.org/node/13672972518,13672972518,2026-04-28 07:53:43.650201
Centerline 33,https://www.centerline33.com/,centerline33.com,Rohnert Park,CA,gyms,+1-707-303-3131,"",openstreetmap,https://www.openstreetmap.org/node/13357028474,13357028474,2026-04-28 07:53:43.650201
Chula Vista Jiu Jitsu Club,http://www.chulavistajiujitsuclub.com/,chulavistajiujitsuclub.com,"","",gyms,+1-619-934-5995,info@chulavistajiujitsuclub.com,openstreetmap,https://www.openstreetmap.org/node/13204005901,13204005901,2026-04-28 07:53:43.650201
Chuze Fitness,https://chuzefitness.com/gym-locations/ca/garden-grove/?utm_source=GMBlisting&utm_medium=Organic,chuzefitness.com,Garden Grove,CA,gyms,+1-714-705-4504,"",openstreetmap,https://www.openstreetmap.org/node/10035431882,10035431882,2026-04-28 07:53:43.650201
Chuze Fitness,https://chuzefitness.com/gym-locations/ca/santee/,chuzefitness.com,Santee,CA,gyms,+1 619 357 4373,"",openstreetmap,https://www.openstreetmap.org/node/9971240961,9971240961,2026-04-28 07:53:43.650201
Chuze Fitness,https://chuzefitness.com/gym-locations/ca/riverside/,chuzefitness.com,Riverside,CA,gyms,+1951-228-3162,info@chuzefitness.com,openstreetmap,https://www.openstreetmap.org/node/13622250201,13622250201,2026-04-28 07:53:43.650201
Chuze Fitness,https://chuzefitness.com/gym-locations/ca/cudahy/,chuzefitness.com,Cudahy,CA,gyms,+1-323-743-8049,"",openstreetmap,https://www.openstreetmap.org/node/12639882001,12639882001,2026-04-28 07:53:43.650201
Chuze Fitness,https://chuzefitness.com/gym-locations/ca/temple-city/,chuzefitness.com,Temple City,CA,gyms,+1 626-427-7828,"",openstreetmap,https://www.openstreetmap.org/node/11963903266,11963903266,2026-04-28 07:53:43.650201
Chuze Fitness,https://chuzefitness.com/gym-locations/ca/encinitas/,chuzefitness.com,Encinitas,CA,gyms,+1 858-727-1197,"",openstreetmap,https://www.openstreetmap.org/node/131288838,131288838,2026-04-28 07:53:43.650201
City Beach Volleyball,https://citybeachvb.com/,citybeachvb.com,"","",gyms,+1 510-651-2500,"",openstreetmap,https://www.openstreetmap.org/node/10566459254,10566459254,2026-04-28 07:53:43.650201
City Sports,https://citysportsfitness.com,citysportsfitness.com,"","",gyms,+1-510-780-3321,"",openstreetmap,https://www.openstreetmap.org/node/12884642321,12884642321,2026-04-28 07:53:43.650201
City Sports Club,https://www.citysportsfitness.com/Pages/clubhome.aspx?clubid=1189&Antioch-California+GYM,citysportsfitness.com,antioch,CA,gyms,+1-925-732-9488,"",openstreetmap,https://www.openstreetmap.org/node/554806380,554806380,2026-04-28 07:53:43.650201
Class 5 Fitness 24/7,https://www.24-7at5.com/,24-7at5.com,Sonora,CA,gyms,+1-209-532-3900,"",openstreetmap,https://www.openstreetmap.org/node/582650891,582650891,2026-04-28 07:53:43.650201
Club Pilates,https://www.clubpilates.com/location/danville,clubpilates.com,Danville,CA,gyms,+1-925-854-5500,danville@clubpilates.com,openstreetmap,https://www.openstreetmap.org/node/7703818303,7703818303,2026-04-28 07:53:43.650201
Club Pilates,https://www.clubpilates.com/location/simivalley,clubpilates.com,Simi Valley,CA,gyms,+1 805-261-1444,"",openstreetmap,https://www.openstreetmap.org/node/11962924379,11962924379,2026-04-28 07:53:43.650201
Club Pilates,https://www.clubpilates.com/eastvalenorco,clubpilates.com,Norco,CA,gyms,+1-951-968-0268,"",openstreetmap,https://www.openstreetmap.org/node/9005355517,9005355517,2026-04-28 07:53:43.650201
Club Pilates,https://www.clubpilates.com/location/pasadena,clubpilates.com,Pasadena,CA,gyms,+1-626-557-4484,pasadena@clubpilates.com,openstreetmap,https://www.openstreetmap.org/node/13432038577,13432038577,2026-04-28 07:53:43.650201
Club Pilates,https://www.clubpilates.com/location/granitehills,clubpilates.com,El Cajon,CA,gyms,+1-619-329-1180,"",openstreetmap,https://www.openstreetmap.org/node/9368683632,9368683632,2026-04-28 07:53:43.650201
Club Pilates,https://www.clubpilates.com,clubpilates.com,Palm Springs,CA,gyms,+1-760-537-0467,"",openstreetmap,https://www.openstreetmap.org/node/13071909883,13071909883,2026-04-28 07:53:43.650201
Club Pilates,https://www.clubpilates.com/pleasanthill,clubpilates.com,Pleasant Hill,CA,gyms,+1-925-344-6155,"",openstreetmap,https://www.openstreetmap.org/node/11770052450,11770052450,2026-04-28 07:53:43.650201
Club Pilates,https://www.clubpilates.com/fremont,clubpilates.com,Fremont,CA,gyms,+1 510-585-3136,"",openstreetmap,https://www.openstreetmap.org/node/10600246964,10600246964,2026-04-28 07:53:43.650201
Club Pilates,https://www.clubpilates.com/location/soma,clubpilates.com,"","",gyms,+1 415-251-3000,"",openstreetmap,https://www.openstreetmap.org/node/10917024236,10917024236,2026-04-28 07:53:43.650201
Club Pilates,https://www.clubpilates.com/location/gardengrove,clubpilates.com,Garden Grove,CA,gyms,+1-714-660-0332,gardengrove@clubpilates.com,openstreetmap,https://www.openstreetmap.org/node/9742025907,9742025907,2026-04-28 07:53:43.650201
Club Pilates,https://www.clubpilates.com/location/fivepoints,clubpilates.com,Santa Barbara,CA,gyms,+1-805-618-1012,fivepoints@clubpilates.com,openstreetmap,https://www.openstreetmap.org/node/6979706261,6979706261,2026-04-28 07:53:43.650201
Club Pilates,https://www.clubpilates.com/northfresno/,clubpilates.com,Fresno,CA,gyms,+1-559-239-4023,"",openstreetmap,https://www.openstreetmap.org/node/11878285566,11878285566,2026-04-28 07:53:43.650201
Club Pilates,https://www.clubpilates.com/regional/san-diego,clubpilates.com,San Diego,CA,gyms,+1-858-254-3326,"",openstreetmap,https://www.openstreetmap.org/node/13709464539,13709464539,2026-04-28 07:53:43.650201
Club Pilates,https://www.clubpilates.com/location/callereal,clubpilates.com,Goleta,CA,gyms,+1-805-679-5674,callereal@clubpilates.com,openstreetmap,https://www.openstreetmap.org/node/13335159715,13335159715,2026-04-28 07:53:43.650201
Club Pilates,https://www.clubpilates.com,clubpilates.com,"","",gyms,+1 805-706-0533,oxnard@clubpilates.com,openstreetmap,https://www.openstreetmap.org/node/11959526804,11959526804,2026-04-28 07:53:43.650201
Copley-Price Family YMCA,https://www.ymcasd.org/locations/copley-price-family-ymca,ymcasd.org,San Diego,CA,gyms,+1-619-280-9622,"",openstreetmap,https://www.openstreetmap.org/node/381012089,381012089,2026-04-28 07:53:43.650201
Core Conditioning,http://coreconditioninggpt.com,coreconditioninggpt.com,"","",gyms,+1-818-333-7281,"",openstreetmap,https://www.openstreetmap.org/node/12197869702,12197869702,2026-04-28 07:53:43.650201
CorePower Yoga,https://www.corepoweryoga.com/yoga-studios/ca/santa-barbara/state-street-santa-barbara,corepoweryoga.com,Santa Barbara,CA,gyms,+1-805-884-9642,"",openstreetmap,https://www.openstreetmap.org/node/11732274908,11732274908,2026-04-28 07:53:43.650201
CorePower Yoga,https://www.corepoweryoga.com/yoga-studios/ca/santa-barbara/goleta,corepoweryoga.com,Goleta,CA,gyms,+1-805-845-2574,"",openstreetmap,https://www.openstreetmap.org/node/6043579061,6043579061,2026-04-28 07:53:43.650201
CorePower Yoga,https://www.corepoweryoga.com/yoga-studios/ca/san-francisco/cow-hollow,corepoweryoga.com,San Francisco,CA,gyms,+1-833-448-2561,"",openstreetmap,https://www.openstreetmap.org/node/2337759318,2337759318,2026-04-28 07:53:43.650201
CorePower Yoga,https://www.uscvillage.com/corepower-yoga/,uscvillage.com,Los Angeles,CA,gyms,+1-704-946-7931,"",openstreetmap,https://www.openstreetmap.org/node/5567734316,5567734316,2026-04-28 07:53:43.650201
CorePower Yoga,https://www.corepoweryoga.com/yoga-studios/CA/Newport-Beach/fashion-island,corepoweryoga.com,Newport Beach,CA,gyms,+1-949-721-2000,"",openstreetmap,https://www.openstreetmap.org/node/10160486353,10160486353,2026-04-28 07:53:43.650201
CorePower Yoga,https://www.corepoweryoga.com/yoga-studios/ca/san-diego/utc-la-jolla,corepoweryoga.com,San Diego,CA,gyms,+1-858-455-9642,"",openstreetmap,https://www.openstreetmap.org/node/1276669817,1276669817,2026-04-28 07:53:43.650201
CorePower Yoga,https://www.corepoweryoga.com/yoga-studios/ca/santa-barbara/la-cumbre,corepoweryoga.com,Santa Barbara,CA,gyms,+1 805-770-5455,"",openstreetmap,https://www.openstreetmap.org/node/13321435022,13321435022,2026-04-28 07:53:43.650201
Costello Pool,https://www.laparks.org/aquatic/summer/costello-pool,laparks.org,Los Angeles,CA,gyms,+1-323-526-3073,costello.pool@lacity.org,openstreetmap,https://www.openstreetmap.org/node/1112202753,1112202753,2026-04-28 07:53:43.650201
Country Strong Fitness,https://www.countrystrongfitness.com,countrystrongfitness.com,Palo Cedro,CA,gyms,+1-530-547-1119,"",openstreetmap,https://www.openstreetmap.org/node/1127925533,1127925533,2026-04-28 07:53:43.650201
CrossFit,https://www.crossfitati.com/,crossfitati.com,"","",gyms,+1-925-552-9741,"",openstreetmap,https://www.openstreetmap.org/node/9960432192,9960432192,2026-04-28 07:53:43.650201
CrossFit,https://crossfit626.com/,crossfit626.com,San Marino,CA,gyms,+1-626-602-1572,"",openstreetmap,https://www.openstreetmap.org/node/12919972148,12919972148,2026-04-28 07:53:43.650201
CrossFit,https://crossfitsantabarbara.com/,crossfitsantabarbara.com,Goleta,CA,gyms,+1-805-699-6561,info@crossfitsantabarbara.com,openstreetmap,https://www.openstreetmap.org/node/13076544708,13076544708,2026-04-28 07:53:43.650201
CrossFit,https://www.crossfitdta.com/,crossfitdta.com,Alhambra,CA,gyms,+1 626-239-8507,info@crossfitdta.com,openstreetmap,https://www.openstreetmap.org/node/13508527817,13508527817,2026-04-28 07:53:43.650201
CrossFit Potrero Hill,https://crossfitpotrerohill.com/,crossfitpotrerohill.com,San Francisco,CA,gyms,+1 415-869-8776,Info@CrossFitPotreroHill.com,openstreetmap,https://www.openstreetmap.org/node/8660742534,8660742534,2026-04-28 07:53:43.650201
CrossFit UP,https://www.crossfit-up.com/,crossfit-up.com,Santa Cruz,CA,gyms,+1-831-475-2535,"",openstreetmap,https://www.openstreetmap.org/node/10692035491,10692035491,2026-04-28 07:53:43.650201
CrossFit Valley of the Moon,http://crossfitvalleyofthemoon.com,crossfitvalleyofthemoon.com,Sonoma,"",gyms,+1-707-933-7904,"",openstreetmap,https://www.openstreetmap.org/node/2835214161,2835214161,2026-04-28 07:53:43.650201
Crossfit Nipomo,https://www.crossfitnipomo.com/,crossfitnipomo.com,"","",gyms,+1-202-425-8248,"",openstreetmap,https://www.openstreetmap.org/node/169891074,169891074,2026-04-28 07:53:43.650201
Crossfit Oakland,https://www.crossfitoakland.com/,crossfitoakland.com,Emeryville,CA,gyms,+1 510 9850210,info@crossfitoakland.com,openstreetmap,https://www.openstreetmap.org/node/2340056955,2340056955,2026-04-28 07:53:43.650201
Crossfit Radiate,https://www.crossfitradiate.com/,crossfitradiate.com,Bishop,CA,gyms,+1 760-920-7519,"",openstreetmap,https://www.openstreetmap.org/node/10647706107,10647706107,2026-04-28 07:53:43.650201
Crossfit San Mateo,https://www.crossfitsm.com/,crossfitsm.com,"","",gyms,+1-650-242-5410,"",openstreetmap,https://www.openstreetmap.org/node/7005465505,7005465505,2026-04-28 07:53:43.650201
Crossfit Training Yard,https://crossfittrainingyard.com/,crossfittrainingyard.com,"","",gyms,+1 818-672-5356,"",openstreetmap,https://www.openstreetmap.org/node/5116060524,5116060524,2026-04-28 07:53:43.650201
Crowell Family YMCA,https://www.ymcala.org/locations/crowell-family-ymca/,ymcala.org,South Pasadena,CA,gyms,+1-626-799-9119,"",openstreetmap,https://www.openstreetmap.org/node/13462996084,13462996084,2026-04-28 07:53:43.650201
Crunch Fitness,https://www.crunch.com/locations/san-mateo,crunch.com,San Mateo,CA,gyms,+1 650-212-4653,sanmateomanager@crunch.com,openstreetmap,https://www.openstreetmap.org/node/11557859772,11557859772,2026-04-28 07:53:43.650201
Crunch Fitness,https://www.crunch.com/locations/winchester,crunch.com,San Jose,CA,gyms,+1 408-478-2800,info@crunchwinchester.com,openstreetmap,https://www.openstreetmap.org/node/12967029380,12967029380,2026-04-28 07:53:43.650201
Crunch Fitness,https://www.crunch.com/locations/lakewood,crunch.com,Lakewood,CA,gyms,+1 562 262-0404,"",openstreetmap,https://www.openstreetmap.org/node/2521642692,2521642692,2026-04-28 07:53:43.650201
Crunch Fitness,https://www.crunch.com/locations/west-hills,crunch.com,Canoga Park,CA,gyms,+1-818-884-5034,"",openstreetmap,https://www.openstreetmap.org/node/3841408092,3841408092,2026-04-28 07:53:43.650201
Crunch Fitness,https://www.crunch.com/locations/norwalkca,crunch.com,Norwalk,CA,gyms,+1-562-741-5331,"",openstreetmap,https://www.openstreetmap.org/node/450367194,450367194,2026-04-28 07:53:43.650201
Crunch Fitness,https://www.crunch.com/locations/el-cajon-jamacha,crunch.com,El Cajon,CA,gyms,+1-619-383-0101,"",openstreetmap,https://www.openstreetmap.org/node/993792469,993792469,2026-04-28 07:53:43.650201
Crunch Fitness,https://www.crunch.com/locations/burbank,crunch.com,Burbank,CA,gyms,+1-818-336-9300,"",openstreetmap,https://www.openstreetmap.org/node/5141868830,5141868830,2026-04-28 07:53:43.650201
Crunch Fitness,https://local.biglots.com/ca/merced/665-fairfield-dr,local.biglots.com,Merced,CA,gyms,+1 209-385-3113,"",openstreetmap,https://www.openstreetmap.org/node/206008959,206008959,2026-04-28 07:53:43.650201
Crunch Fitness,https://www.crunch.com/locations/ceres,crunch.com,Modesto,CA,gyms,+1 209 560 7550,info@crunchceres.com,openstreetmap,https://www.openstreetmap.org/node/13687719946,13687719946,2026-04-28 07:53:43.650201
Crunch Fitness,https://www.crunch.com/locations/alameda,crunch.com,Alameda,CA,gyms,+1-510-800-4001,"",openstreetmap,https://www.openstreetmap.org/node/12332008477,12332008477,2026-04-28 07:53:43.650201
Crunch Fitness,https://www.crunch.com/locations/polk-st,crunch.com,"","",gyms,+1-415-292-5444,"",openstreetmap,https://www.openstreetmap.org/node/2167144976,2167144976,2026-04-28 07:53:43.650201
Crunch Fitness,https://www.crunch.com/locations/simi-valley,crunch.com,Simi Valley,CA,gyms,+1 805-522-5454,manager@crunchsimivalley.com,openstreetmap,https://www.openstreetmap.org/node/11810967395,11810967395,2026-04-28 07:53:43.650201
Crunch Fitness,https://www.crunch.com/locations/la-mirada,crunch.com,La Mirada,CA,gyms,+1-562-315-7007,"",openstreetmap,https://www.openstreetmap.org/node/449964381,449964381,2026-04-28 07:53:43.650201
Crunch Fitness,https://www.crunch.com,crunch.com,Corona,CA,gyms,+1-951-420-0570,"",openstreetmap,https://www.openstreetmap.org/node/13706951464,13706951464,2026-04-28 07:53:43.650201
Culver City Municipal Plunge,https://www.culvercity.org/Explore/Parks-Recreation/Culver-City-Pool,culvercity.org,Culver City,CA,gyms,+1-310-253-6680,john.adams@culvercity.org,openstreetmap,https://www.openstreetmap.org/node/22729480,22729480,2026-04-28 07:53:43.650201
Cupertino Sports Center,https://www.cupertino.org/our-city/departments/parks-recreation/cupertino-sports-center,cupertino.org,Cupertino,CA,gyms,+1-408-777-3160,sports@cupertino.org,openstreetmap,https://www.openstreetmap.org/node/516494416,516494416,2026-04-28 07:53:43.650201
Curl Fitness,https://www.curlfitness.com/turlock,curlfitness.com,Turlock,CA,gyms,+1 209 226 1115,"",openstreetmap,https://www.openstreetmap.org/node/297136791,297136791,2026-04-28 07:53:43.650201
Curves,https://www.curves.com/,curves.com,Fresno,CA,gyms,+1-559-221-7001,"",openstreetmap,https://www.openstreetmap.org/node/11965816741,11965816741,2026-04-28 07:53:43.650201
Curves,https://www.curves.com,curves.com,Santa Cruz,CA,gyms,+1-831-465-8228,"",openstreetmap,https://www.openstreetmap.org/node/6233009727,6233009727,2026-04-28 07:53:43.650201
CycleBar,https://cyclebar.com/location/los-gatos,cyclebar.com,Los Gatos,CA,gyms,+1 408-628-4477,losgatos@cyclebar.com,openstreetmap,https://www.openstreetmap.org/node/6286734900,6286734900,2026-04-28 07:53:43.650201
CycleBar,https://cyclebar.com/location/fresno,cyclebar.com,Fresno,CA,gyms,+1-559-433-6619,"",openstreetmap,https://www.openstreetmap.org/node/12688460521,12688460521,2026-04-28 07:53:43.650201
Danville Pilates Center,http://www.danvillepilatescenter.com,danvillepilatescenter.com,"","",gyms,+1-925-820-9100,"",openstreetmap,https://www.openstreetmap.org/node/9964920681,9964920681,2026-04-28 07:53:43.650201
DeSisto Strength Training,https://www.desistostrengthtraining.com/,desistostrengthtraining.com,San Francisco,CA,gyms,+1-415-715-9363,owner@desistostrengthtraining.com,openstreetmap,https://www.openstreetmap.org/node/13737433654,13737433654,2026-04-28 07:53:43.650201
Del Cerro Tennis Club,http://www.dctc.com/,dctc.com,"","",gyms,+1-619-310-5299,"",openstreetmap,https://www.openstreetmap.org/node/1224809087,1224809087,2026-04-28 07:53:43.650201
Denker Recreation Center,https://www.laparks.org/reccenter/denker,laparks.org,Los Angeles,CA,gyms,+1-323-733-8367,denker.recreationcenter@lacity.org,openstreetmap,https://www.openstreetmap.org/node/244106560,244106560,2026-04-28 07:53:43.650201
Detox Cycle House,https://detoxcyclehouse.com/,detoxcyclehouse.com,Studio City,CA,gyms,+1-818-505-1020,detoxcyclehouse@gmail.com,openstreetmap,https://www.openstreetmap.org/node/13725894344,13725894344,2026-04-28 07:53:43.650201
DewCoach,http://dewcoach.com,dewcoach.com,Simi Valley,CA,gyms,+1 805-587-6274,steven@dewcoach.com,openstreetmap,https://www.openstreetmap.org/node/12068432268,12068432268,2026-04-28 07:53:43.650201
Dignity Health Sports Park,https://www.dignityhealthsportspark.com,dignityhealthsportspark.com,Carson,CA,gyms,+1-310-630-2000,"",openstreetmap,https://www.openstreetmap.org/node/966517632,966517632,2026-04-28 07:53:43.650201
Dohyun Hapkido,http://songsdohyunhapkido.com,songsdohyunhapkido.com,"","",gyms,+1-818-567-0012,"",openstreetmap,https://www.openstreetmap.org/node/471928735,471928735,2026-04-28 07:53:43.650201
Dollar Tree,https://www.dollartree.com/locations/ca/gardena/5460/,dollartree.com,Gardena,CA,gyms,+1 310-879-6389,"",openstreetmap,https://www.openstreetmap.org/node/442611633,442611633,2026-04-28 07:53:43.650201
Downtown Recreation Center,https://www.costamesaca.gov/government/departments-and-divisions/parks-and-community-services/facilities/community-centers-golf-course-senior-center-tennis-center/downtown-recreation-center,costamesaca.gov,Costa Mesa,"",gyms,+1-714-327-7560,"",openstreetmap,https://www.openstreetmap.org/node/83201240,83201240,2026-04-28 07:53:43.650201
Doyenne Barbell and Fitness LLC,https://doyennebarbellandfitness.com/,doyennebarbellandfitness.com,Fresno,CA,gyms,+1-559-840-2634,"",openstreetmap,https://www.openstreetmap.org/node/13058515363,13058515363,2026-04-28 07:53:43.650201
Dre36,https://www.dre36.com/,dre36.com,Fresno,CA,gyms,+1-559-899-3166,"",openstreetmap,https://www.openstreetmap.org/node/12145177142,12145177142,2026-04-28 07:53:43.650201
Dreamtown Crossfit,https://www.dreamtowncrossfit.com/,dreamtowncrossfit.com,Truckee,CA,gyms,+1-530-628-0098,wod@dreamtowncrossfit.com,openstreetmap,https://www.openstreetmap.org/node/6779487582,6779487582,2026-04-28 07:53:43.650201
Duke's Boxing & Fitness,https://dukesboxingfitness.com/,dukesboxingfitness.com,Isla Vista,CA,gyms,+1 805-252-5766,dukesboxing@gmail.com,openstreetmap,https://www.openstreetmap.org/node/13370800172,13370800172,2026-04-28 07:53:43.650201
EA’s Crossfit,http://thmm.com/eascrossfit/,thmm.com,Sonoma,"",gyms,+1-415-314-1399,"",openstreetmap,https://www.openstreetmap.org/node/2833068801,2833068801,2026-04-28 07:53:43.650201
EOS Fitness,https://www.eosfitness.com/gym/indio-hwy-111-jefferson-st?utm_source=local&utm_medium=organic&utm_campaign=evergreen_gmb,eosfitness.com,"","",gyms,+1-760-536-5900,"",openstreetmap,https://www.openstreetmap.org/node/13520221101,13520221101,2026-04-28 07:53:43.650201
EOS Fitness,https://www.eosfitness.com/gym/palm-desert?utm_source=local&utm_medium=organic&utm_campaign=evergreen_gmb,eosfitness.com,"","",gyms,+1-760-360-0565,"",openstreetmap,https://www.openstreetmap.org/node/13520204402,13520204402,2026-04-28 07:53:43.650201
EOS Fitness,https://www.eosfitness.com/gym/los-angeles-downtown-la-cesar-chavez,eosfitness.com,Los Angeles,CA,gyms,+1-213-528-3132,"",openstreetmap,https://www.openstreetmap.org/node/13003903721,13003903721,2026-04-28 07:53:43.650201
EOS Fitness,https://www.eosfitness.com/,eosfitness.com,San Clemente,"",gyms,+1 949 891 2969,"",openstreetmap,https://www.openstreetmap.org/node/3995960993,3995960993,2026-04-28 07:53:43.650201
Earl Anthony's Dublin Bowl,http://www.earlanthonysdublinbowl.com,earlanthonysdublinbowl.com,"","",gyms,+1-925-828-7550,"",openstreetmap,https://www.openstreetmap.org/node/4986054865,4986054865,2026-04-28 07:53:43.650201
Elite Fitness Co.,https://www.elitefitco.com/,elitefitco.com,Petaluma,CA,gyms,+1 707 7623878,"",openstreetmap,https://www.openstreetmap.org/node/4462966471,4462966471,2026-04-28 07:53:43.650201
Elite'Barre' Fitness Studio,http://elitebarre.com,elitebarre.com,Redding,"",gyms,+1-530-515-4744,"",openstreetmap,https://www.openstreetmap.org/node/6848950750,6848950750,2026-04-28 07:53:43.650201
En Garde Fencing,https://www.egfencing.com/,egfencing.com,"","",gyms,+1-707-596-3626,"",openstreetmap,https://www.openstreetmap.org/node/9593198817,9593198817,2026-04-28 07:53:43.650201
EoS Fitness,https://www.eosfitness.com/gym/simi-valley-first-st-e-los-angeles-st?utm_source=local&utm_medium=organic&utm_campaign=evergreen_gmb,eosfitness.com,Simi Valley,CA,gyms,+1-805-581-4653,"",openstreetmap,https://www.openstreetmap.org/node/11786348820,11786348820,2026-04-28 07:53:43.650201
Eos Fitness,https://www.eosfitness.com/gym/santa-barbara-chapala-st-w-carrillo-st,eosfitness.com,Santa Barbara,CA,gyms,+1 805-965-0999,"",openstreetmap,https://www.openstreetmap.org/node/13532773244,13532773244,2026-04-28 07:53:43.650201
Epic Fitness,https://epicfitnessnow.com,epicfitnessnow.com,Simi Valley,CA,gyms,+1 805-813-8112,info@epicfitnessnow.com,openstreetmap,https://www.openstreetmap.org/node/12027515924,12027515924,2026-04-28 07:53:43.650201
Equinox,https://www.equinox.com/,equinox.com,"","",gyms,+1-650-319-1700,"",openstreetmap,https://www.openstreetmap.org/node/968285817,968285817,2026-04-28 07:53:43.650201
Equinox,https://www.equinox.com/clubs/southern-california/los-angeles/centurycity,equinox.com,Los Angeles,CA,gyms,+1-310-552-0420,"",openstreetmap,https://www.openstreetmap.org/node/557689264,557689264,2026-04-28 07:53:43.650201
Equinox,https://www.equinox.com/clubs/southern-california/the-valley/pasadena,equinox.com,Pasadena,CA,gyms,+1 626-685-4800,"",openstreetmap,https://www.openstreetmap.org/node/10832881651,10832881651,2026-04-28 07:53:43.650201
Equinox,https://www.equinox.com/clubs/sanmateo,equinox.com,"","",gyms,+1-650-403-7000,"",openstreetmap,https://www.openstreetmap.org/node/2455032267,2455032267,2026-04-28 07:53:43.650201
Equinox,https://www.equinox.com/clubs/southern-california/los-angeles/westhollywood,equinox.com,West Hollywood,CA,gyms,+1-310-289-1900,"",openstreetmap,https://www.openstreetmap.org/node/5133454795,5133454795,2026-04-28 07:53:43.650201
Equinox,https://www.equinox.com/clubs/southern-california/westla,equinox.com,Los Angeles,"",gyms,+1-310-473-1447,"",openstreetmap,https://www.openstreetmap.org/node/422504017,422504017,2026-04-28 07:53:43.650201
Esporta Fitness,https://lafitness.com/,lafitness.com,"","",gyms,+1-951-365-2097,"",openstreetmap,https://www.openstreetmap.org/node/1066597256,1066597256,2026-04-28 07:53:43.650201
Ethan Rich Performance,https://www.ethanrichperformance.com/,ethanrichperformance.com,San Francisco,CA,gyms,+1 510 409 9450,"",openstreetmap,https://www.openstreetmap.org/node/11558519647,11558519647,2026-04-28 07:53:43.650201
Etna Swimming Pool Building,https://etnapool.com,etnapool.com,Etna,CA,gyms,+1 530-643-7206,jenny@etnapool.com,openstreetmap,https://www.openstreetmap.org/node/1422768761,1422768761,2026-04-28 07:53:43.650201
Evergreen Recreation Center,https://www.laparks.org/reccenter/evergreen,laparks.org,Los Angeles,CA,gyms,+1-323-262-0397,evergreen.recreationcenter@lacity.org,openstreetmap,https://www.openstreetmap.org/node/203433130,203433130,2026-04-28 07:53:43.650201
Evolution Trainers,https://www.evolutiontrainers.com/,evolutiontrainers.com,"","",gyms,+1-650-965-8991,"",openstreetmap,https://www.openstreetmap.org/node/5714457077,5714457077,2026-04-28 07:53:43.650201
EōS Fitness,https://www.eosfitness.com/,eosfitness.com,Northridge,CA,gyms,+1-818-534-5533,"",openstreetmap,https://www.openstreetmap.org/node/13516459732,13516459732,2026-04-28 07:53:43.650201
EōS Fitness,https://www.eosfitness.com/,eosfitness.com,Fullerton,CA,gyms,+1-657-356-8005,"",openstreetmap,https://www.openstreetmap.org/node/186421966,186421966,2026-04-28 07:53:43.650201
EōS Fitness,https://eosfitness.com/location/oceanside-palm-tree-plaza/,eosfitness.com,Oceanside,CA,gyms,+1-760-683-8022,"",openstreetmap,https://www.openstreetmap.org/node/7146545706,7146545706,2026-04-28 07:53:43.650201
EōS Fitness,https://www.eosfitness.com/gym/thousand-oaks-n-moorpark-rd-w-hillcrest-dr,eosfitness.com,Thousand Oaks,CA,gyms,+1 805-496-9331,"",openstreetmap,https://www.openstreetmap.org/node/632381499,632381499,2026-04-28 07:53:43.650201
EōS Fitness,https://www.eosfitness.com/gym/arcadia-s-baldwin-ave-huntington-dr,eosfitness.com,Arcadia,CA,gyms,+1 626-447-1500,"",openstreetmap,https://www.openstreetmap.org/node/13298890564,13298890564,2026-04-28 07:53:43.650201
Eōs Fitness,https://www.eosfitness.com/gym/jurupa-valley-ca-60-pyrite-st,eosfitness.com,Jurupa Valley,CA,gyms,+1-909-972-0014,"",openstreetmap,https://www.openstreetmap.org/node/12471978412,12471978412,2026-04-28 07:53:43.650201
F45 Training,https://www.f45training.com/campbellca,f45training.com,"","",gyms,+1-408-340-6181,campbellca@f45training.com,openstreetmap,https://www.openstreetmap.org/node/13276687063,13276687063,2026-04-28 07:53:43.650201
F45 Training,https://f45training.com/studio/goletaeast/,f45training.com,Santa Barbara,CA,gyms,+1-805-329-5011,goletaeast@f45training.com,openstreetmap,https://www.openstreetmap.org/node/1469734591,1469734591,2026-04-28 07:53:43.650201
F45 Training,https://f45training.com/studio/oceansidepier/,f45training.com,Oceanside,CA,gyms,+17609162245,"",openstreetmap,https://www.openstreetmap.org/node/13505027923,13505027923,2026-04-28 07:53:43.650201
F45 Training,https://f45training.com/redwoodcity/home,f45training.com,Redwood City,CA,gyms,+1 650 474 1555,redwoodcity@f45training.com,openstreetmap,https://www.openstreetmap.org/node/160440926,160440926,2026-04-28 07:53:43.650201
F45 Training,https://f45training.com/studio/fresnonorth/,f45training.com,Fresno,CA,gyms,+1-559-480-3233,"",openstreetmap,https://www.openstreetmap.org/node/12724626369,12724626369,2026-04-28 07:53:43.650201
FIT Athletic,fitathletic.com,fitathletic.com,San Diego,CA,gyms,+1-619-764-5348,"",openstreetmap,https://www.openstreetmap.org/node/13574105510,13574105510,2026-04-28 07:53:43.650201
Fairbrae Swim and Racquet Club,https://www.fairbrae.com/,fairbrae.com,Sunnyvale,CA,gyms,+1-408-739-3833,"",openstreetmap,https://www.openstreetmap.org/node/228875134,228875134,2026-04-28 07:53:43.650201
Fightgirl Fitness,https://fresnofightgirl.com,fresnofightgirl.com,Fresno,CA,gyms,+1-559-570-8910,"",openstreetmap,https://www.openstreetmap.org/node/13239321867,13239321867,2026-04-28 07:53:43.650201
Fit Annex,https://www.fitannex.com/,fitannex.com,Pasadena,CA,gyms,+1 626-278-0866,fitannex@gmail.com,openstreetmap,https://www.openstreetmap.org/node/5777659635,5777659635,2026-04-28 07:53:43.650201
Fit Athletic Club & Gym,https://www.instagram.com/fitathletic/,instagram.com,San Diego,CA,gyms,+1 858-779-1672,"",openstreetmap,https://www.openstreetmap.org/node/12626015219,12626015219,2026-04-28 07:53:43.650201
Fit Body Boot Camp,https://fitbodybootcamp.com/locations/chinatown-los-angeles-ca/,fitbodybootcamp.com,Los Angeles,CA,gyms,+1-213-585-7564,"",openstreetmap,https://www.openstreetmap.org/node/13606495387,13606495387,2026-04-28 07:53:43.650201
Fit Body Boot Camp,https://fitbodybootcamp.com/locations/herndon-fresno-ca/,fitbodybootcamp.com,Fresno,CA,gyms,+1-559-392-5598,"",openstreetmap,https://www.openstreetmap.org/node/12014418567,12014418567,2026-04-28 07:53:43.650201
Fit Body Boot Camp,https://fitbodybootcamp.com/locations/woodward-fresno-ca/,fitbodybootcamp.com,Fresno,CA,gyms,+1-559-801-6225,"",openstreetmap,https://www.openstreetmap.org/node/12285698007,12285698007,2026-04-28 07:53:43.650201
Fit Club,https://www.fitclub4women.com/,fitclub4women.com,"",CA,gyms,+14158771621,"",openstreetmap,https://www.openstreetmap.org/node/13159066526,13159066526,2026-04-28 07:53:43.650201
Fit For Life Solutions,https://www.fitforlifesolutions.com/mountain-view/,fitforlifesolutions.com,"","",gyms,+1-855-348-4533,"",openstreetmap,https://www.openstreetmap.org/node/5452774458,5452774458,2026-04-28 07:53:43.650201
Fit Personal Fitness Studio,https://www.fitstudiodanville.com/,fitstudiodanville.com,Danville,CA,gyms,+1 925 362-8001,"",openstreetmap,https://www.openstreetmap.org/node/6429723809,6429723809,2026-04-28 07:53:43.650201
Fit Theory Studio,https://fittheorystudio.com/,fittheorystudio.com,Mountain View,CA,gyms,+1 650 479 6286,candy@fittheorystudio.com,openstreetmap,https://www.openstreetmap.org/node/381344652,381344652,2026-04-28 07:53:43.650201
Fitness 19,https://www.fitness19.com/centers/san-bruno/,fitness19.com,"","",gyms,+1-650-491-9232,"",openstreetmap,https://www.openstreetmap.org/node/6704967540,6704967540,2026-04-28 07:53:43.650201
Fitness 19,https://www.fitness19.com/centers/rancho-cucamonga/,fitness19.com,Rancho Cucamonga,CA,gyms,+1-909-481-1919,"",openstreetmap,https://www.openstreetmap.org/node/7159440858,7159440858,2026-04-28 07:53:43.650201
Fitness 19,https://www.fitness19.com/,fitness19.com,"","",gyms,+1 925 271-4248,"",openstreetmap,https://www.openstreetmap.org/node/5402098505,5402098505,2026-04-28 07:53:43.650201
Fitness 19,https://www.fit19.com/locations/danville,fit19.com,"","",gyms,+1-925-743-3919,"",openstreetmap,https://www.openstreetmap.org/node/9657999979,9657999979,2026-04-28 07:53:43.650201
Fitness 19,https://www.fit19.com/locations/santa-barbara,fit19.com,Santa Barbara,CA,gyms,+1-805-617-3767,"",openstreetmap,https://www.openstreetmap.org/node/9044177269,9044177269,2026-04-28 07:53:43.650201
Fitness 19,https://www.fitness19.com/centers/camarillo/,fitness19.com,Camarillo,CA,gyms,+1-805-389-9119,"",openstreetmap,https://www.openstreetmap.org/node/6412818658,6412818658,2026-04-28 07:53:43.650201
Fitness 19,https://www.fitness19.com/,fitness19.com,"","",gyms,+1-650-212-1919,"",openstreetmap,https://www.openstreetmap.org/node/13182148901,13182148901,2026-04-28 07:53:43.650201
Fitness Center - MCLB,https://barstow.usmc-mccs.org/recreation-fitness/fitness-center,barstow.usmc-mccs.org,Barstow,CA,gyms,+1-760-577-6898,"",openstreetmap,https://www.openstreetmap.org/node/1484452891,1484452891,2026-04-28 07:53:43.650201
Fitness Exchange,https://functionalfitx.com/,functionalfitx.com,Sacramento,CA,gyms,+1-415-640-4437,"",openstreetmap,https://www.openstreetmap.org/node/12374296257,12374296257,2026-04-28 07:53:43.650201
Fitness Mania,https://fitnessmaniariv.wixsite.com/fitnessmania,fitnessmaniariv.wixsite.com,Riverside,CA,gyms,+1-951-776-9375,"",openstreetmap,https://www.openstreetmap.org/node/1346411364,1346411364,2026-04-28 07:53:43.650201
Fitness SF,https://www.fitnesssf.com/location/marin,fitnesssf.com,Corte Madera,CA,gyms,+1-415-348-6377,"",openstreetmap,https://www.openstreetmap.org/node/9915106464,9915106464,2026-04-28 07:53:43.650201
Fitness SF,https://fitnesssf.com/,fitnesssf.com,San Francisco,"",gyms,+1-415-348-6377,"",openstreetmap,https://www.openstreetmap.org/node/3881440385,3881440385,2026-04-28 07:53:43.650201
Fitness Urbano,https://www.fitnessurbano.com/,fitnessurbano.com,"","",gyms,+1 415-341-0515,u@fitnessurbano.com,openstreetmap,https://www.openstreetmap.org/node/8660768875,8660768875,2026-04-28 07:53:43.650201
Fitness for Life,https://www.fitnessforlife559.com/,fitnessforlife559.com,Fresno,CA,gyms,+1-559-447-5433,"",openstreetmap,https://www.openstreetmap.org/node/11840557917,11840557917,2026-04-28 07:53:43.650201
Fitness of America,https://www.fitnessofamerica.com/,fitnessofamerica.com,Orange,CA,gyms,+1-703-712-2604,"",openstreetmap,https://www.openstreetmap.org/node/12785192039,12785192039,2026-04-28 07:53:43.650201
Fitness with Rachel,https://fitnessrachel.com/,fitnessrachel.com,Goleta,CA,gyms,+1-805-705-7480,"",openstreetmap,https://www.openstreetmap.org/node/13145059339,13145059339,2026-04-28 07:53:43.650201
Five Star Gym,https://fivestargym.com,fivestargym.com,Yucca Valley,CA,gyms,+1-760-228-9100,"",openstreetmap,https://www.openstreetmap.org/node/10202376443,10202376443,2026-04-28 07:53:43.650201
Flaunt Fitness,https://flaunt-fitness.com/,flaunt-fitness.com,Fresno,CA,gyms,+1-559-425-6091,flauntfitnessfresno@gmail.com,openstreetmap,https://www.openstreetmap.org/node/13671901901,13671901901,2026-04-28 07:53:43.650201
Flow Yoga & Wellness,https://sbflowyoga.com/,sbflowyoga.com,Santa Barbara,CA,gyms,+1-805-459-7033,connect@flowyogaandwellness.com,openstreetmap,https://www.openstreetmap.org/node/13313014828,13313014828,2026-04-28 07:53:43.650201
Flying High-Sling Bungee Fitness,https://www.flyinghighbungee.com/,flyinghighbungee.com,"","",gyms,+1 530-725-9805,"",openstreetmap,https://www.openstreetmap.org/node/12208353104,12208353104,2026-04-28 07:53:43.650201
Focused Individual Trainers,https://focusedtrainers.com,focusedtrainers.com,Los Altos,CA,gyms,+1 650 947 9831,"",openstreetmap,https://www.openstreetmap.org/node/12599657581,12599657581,2026-04-28 07:53:43.650201
Forma Gym San Jose,https://formagym.com/locations/san-jose/,formagym.com,San Jose,"",gyms,+1-408-490-3406,"",openstreetmap,https://www.openstreetmap.org/node/182807295,182807295,2026-04-28 07:53:43.650201
Formation Energetix,https://formationenergetix.com,formationenergetix.com,Santa Monica,CA,gyms,+1-215-284-8090,"",openstreetmap,https://www.openstreetmap.org/node/11925655071,11925655071,2026-04-28 07:53:43.650201
Four Corners Yoga,https://fourcornersyoga.com/,fourcornersyoga.com,Fresno,CA,gyms,+1-559-940-7971,"",openstreetmap,https://www.openstreetmap.org/node/12510901372,12510901372,2026-04-28 07:53:43.650201
FunLand Chico,https://funlandchico.com/,funlandchico.com,"","",gyms,+1-530-343-1601,"",openstreetmap,https://www.openstreetmap.org/node/1451308554,1451308554,2026-04-28 07:53:43.650201
FunXional Fitness,https://www.funxionalfitness.com/,funxionalfitness.com,Burbank,CA,gyms,+1 818-842-3800,jessica@funxionalfitness.com,openstreetmap,https://www.openstreetmap.org/node/11860903796,11860903796,2026-04-28 07:53:43.650201
GB3,https://www.gb3clubs.com/fresno---cedar,gb3clubs.com,Fresno,CA,gyms,+1-559-297-8656,"",openstreetmap,https://www.openstreetmap.org/node/1056817926,1056817926,2026-04-28 07:53:43.650201
Gardena-Carson Family YMCA,https://www.ymcala.org/locations/gardena-carson-family-ymca,ymcala.org,Gardena,CA,gyms,+1-310-523-3470,"",openstreetmap,https://www.openstreetmap.org/node/1250585777,1250585777,2026-04-28 07:53:43.650201
Gb3,https://www.gb3clubs.com/fresno---palm,gb3clubs.com,Fresno,CA,gyms,+1-559-438-3003,"",openstreetmap,https://www.openstreetmap.org/node/61256450,61256450,2026-04-28 07:53:43.650201
Gb3,https://www.gb3clubs.com/,gb3clubs.com,Fresno,CA,gyms,+1-559-448-9300,"",openstreetmap,https://www.openstreetmap.org/node/744500486,744500486,2026-04-28 07:53:43.650201
Gemstone Gymnastics,https://gemstonegymnastics.com,gemstonegymnastics.com,San Diego,CA,gyms,+1 619-940-4075,"",openstreetmap,https://www.openstreetmap.org/node/11247251685,11247251685,2026-04-28 07:53:43.650201
Georgie Duke Center,https://www.cityofvacaville.gov/government/parks-and-recreation/recreation-programs/sports/duke-sports-center,cityofvacaville.gov,Vacaville,CA,gyms,+1-707-449-5192,"",openstreetmap,https://www.openstreetmap.org/node/470508571,470508571,2026-04-28 07:53:43.650201
Glaze Fitness,https://glazefitness.com/,glazefitness.com,El Cajon,CA,gyms,+1-619-884-5517,"",openstreetmap,https://www.openstreetmap.org/node/961427358,961427358,2026-04-28 07:53:43.650201
Glide Training,https://www.glidetc.com/,glidetc.com,San Diego,CA,gyms,+1-619-844-1315,"",openstreetmap,https://www.openstreetmap.org/node/13743797732,13743797732,2026-04-28 07:53:43.650201
Gold Line Pilates,https://goldlinepilatesca.com/about-the-south-pasadena-studio/,goldlinepilatesca.com,South Pasadena,CA,gyms,+1 626-989-3952,"",openstreetmap,https://www.openstreetmap.org/node/13504350008,13504350008,2026-04-28 07:53:43.650201
Gold's Gym,https://www.goldsgym.com/locations/ca/rancho-cucamonga/,goldsgym.com,Rancho Cucamonga,CA,gyms,+1 909-264-8855,"",openstreetmap,https://www.openstreetmap.org/node/238021465,238021465,2026-04-28 07:53:43.650201
Gold's Gym,https://www.goldsgym.com/salinas,goldsgym.com,Salinas,CA,gyms,+1 831 422 4653,"",openstreetmap,https://www.openstreetmap.org/node/730820559,730820559,2026-04-28 07:53:43.650201
Gold's Gym,https://www.goldsgym.com/locations/ca/goleta/,goldsgym.com,"",CA,gyms,+1-805-964-0556,sbgolgm@goldsgymsb.com,openstreetmap,https://www.openstreetmap.org/node/154646972,154646972,2026-04-28 07:53:43.650201
Golden State Gymnastics,https://goldenstategym.com/,goldenstategym.com,Burbank,CA,gyms,+1 818 558 1177,goldenstategym@hotmail.com,openstreetmap,https://www.openstreetmap.org/node/471969062,471969062,2026-04-28 07:53:43.650201
"Golden lion (kung-fu, tai shi)",https://www.goldnlion.com/,goldnlion.com,"","",gyms,+1-510-527-1606,"",openstreetmap,https://www.openstreetmap.org/node/8904492288,8904492288,2026-04-28 07:53:43.650201
Goleta Valley Athletic Club,https://gvac.com/,gvac.com,Goleta,CA,gyms,+1-805-968-1023,"",openstreetmap,https://www.openstreetmap.org/node/13512505350,13512505350,2026-04-28 07:53:43.650201
Gracie Jui Jitsu,https://www.thegraciesandiego.com/,thegraciesandiego.com,San Diego,CA,gyms,+1-858-505-9917,info@thegraciesandiego.com,openstreetmap,https://www.openstreetmap.org/node/7732654452,7732654452,2026-04-28 07:53:43.650201
Great Western Power Company,http://www.touchstoneclimbing.com/gwpower-co,touchstoneclimbing.com,Oakland,"",gyms,+1-510-452-2022,"",openstreetmap,https://www.openstreetmap.org/node/36978729,36978729,2026-04-28 07:53:43.650201
Green Valley Pool,https://www.thegreenvalleypool.com/,thegreenvalleypool.com,"","",gyms,+1-925-837-9904,"",openstreetmap,https://www.openstreetmap.org/node/1086354969,1086354969,2026-04-28 07:53:43.650201
Guaranteed Fitness Plus,https://www.leocostajr.com,leocostajr.com,Tulare,CA,gyms,+1-559-901-3728,"",openstreetmap,https://www.openstreetmap.org/node/10578101003,10578101003,2026-04-28 07:53:43.650201
Gym Tonic,https://gymtonicla.com/,gymtonicla.com,Los Angeles,CA,gyms,+1-310-692-1118,"",openstreetmap,https://www.openstreetmap.org/node/13036321493,13036321493,2026-04-28 07:53:43.650201
Gyrotonic South Bay,https://www.gyrotonicsouthbay.com/,gyrotonicsouthbay.com,"","",gyms,+1-424-398-0044,"",openstreetmap,https://www.openstreetmap.org/node/9738414572,9738414572,2026-04-28 07:53:43.650201
HIRIZE Fitness,https://hirizefitness.com/,hirizefitness.com,Orange,CA,gyms,+1-808-674-7632,"",openstreetmap,https://www.openstreetmap.org/node/1133969928,1133969928,2026-04-28 07:53:43.650201
Hangar 18 Climbing Gym,https://www.climbhangar18.com/location/riverside/,climbhangar18.com,Riverside,CA,gyms,+1 951-359-5040,"",openstreetmap,https://www.openstreetmap.org/node/5413591527,5413591527,2026-04-28 07:53:43.650201
Happy Fish,http://www.swimhappyfish.com,swimhappyfish.com,Fremont,CA,gyms,+1 510-226-7946,"",openstreetmap,https://www.openstreetmap.org/node/3936294999,3936294999,2026-04-28 07:53:43.650201
Hardcore Fitness,https://hardcorefitnessbootcamp.com/miramar-ca/,hardcorefitnessbootcamp.com,San Diego,CA,gyms,+1- 858-465-4236,"",openstreetmap,https://www.openstreetmap.org/node/13726574101,13726574101,2026-04-28 07:53:43.650201
Harmony House Yoga,https://www.harmony-house-yoga.com/,harmony-house-yoga.com,"","",gyms,+1-805-773-0380,"",openstreetmap,https://www.openstreetmap.org/node/5226804705,5226804705,2026-04-28 07:53:43.650201
Harmony Studios,http://harmonystudiosla.com,harmonystudiosla.com,West Hollywood,CA,gyms,+1-323-822-9584,harmonystudios@harmonystudiosla.com,openstreetmap,https://www.openstreetmap.org/node/5316959269,5316959269,2026-04-28 07:53:43.650201
Head over heels,https://www.hohathleticarts.com/,hohathleticarts.com,Emeryville,CA,gyms,+1-510-655-1265,"",openstreetmap,https://www.openstreetmap.org/node/687186706,687186706,2026-04-28 07:53:43.650201
HealthSPORT,https://healthsport.com/all-locations/#eka,healthsport.com,"",CA,gyms,+1 707-443-3488,"",openstreetmap,https://www.openstreetmap.org/node/875701827,875701827,2026-04-28 07:53:43.650201
Heimat,https://heimat.com/,heimat.com,"","",gyms,+1-213-319-7849,"",openstreetmap,https://www.openstreetmap.org/node/13401582801,13401582801,2026-04-28 07:53:43.650201
Helen Keller Park Pool,https://helen.lacountypools.com/,helen.lacountypools.com,Los Angeles,CA,gyms,+1-323-241-6703,"",openstreetmap,https://www.openstreetmap.org/node/1490874131,1490874131,2026-04-28 07:53:43.650201
Hidden Strength Gym,https://hiddenstrengthgym.business.site/,hiddenstrengthgym.business.site,Irwindale,CA,gyms,+1-626-236-7295,"",openstreetmap,https://www.openstreetmap.org/node/5760877704,5760877704,2026-04-28 07:53:43.650201
Hit Fit SF,https://hitfitsf.com/nobhill/,hitfitsf.com,San Francisco,CA,gyms,+1 415 4408269,"",openstreetmap,https://www.openstreetmap.org/node/9354883876,9354883876,2026-04-28 07:53:43.650201
Hollywood Sports Park,https://hollywoodsports.com/,hollywoodsports.com,Bellflower,CA,gyms,+1-562-867-9600,"",openstreetmap,https://www.openstreetmap.org/node/1370137837,1370137837,2026-04-28 07:53:43.650201
Hot 8 Yoga,https://hot8yoga.com/santanarow/,hot8yoga.com,San Jose,CA,gyms,+1 408-935-2193,"",openstreetmap,https://www.openstreetmap.org/node/200859875,200859875,2026-04-28 07:53:43.650201
Hot Pilates,http://myhotpilates.com,myhotpilates.com,West Hollywood,CA,gyms,+1-310-360-8889,info@myhotpilates.com,openstreetmap,https://www.openstreetmap.org/node/5133454766,5133454766,2026-04-28 07:53:43.650201
Hot Yoga,https://www.hotyogapasadena.com/,hotyogapasadena.com,Pasadena,CA,gyms,+1 626-304-9642,info@hotyogapasadena.com,openstreetmap,https://www.openstreetmap.org/node/13423143220,13423143220,2026-04-28 07:53:43.650201
Hotworx,https://www.hotworx.net/studio/clovis-willowstation,hotworx.net,Clovis,CA,gyms,+1-559-900-9679,"",openstreetmap,https://www.openstreetmap.org/node/12047230533,12047230533,2026-04-28 07:53:43.650201
Hugo's GymFitness,https://www.hugosgymfitness.com,hugosgymfitness.com,Santa Clarita,CA,gyms,+1-661-388-41-57,"",openstreetmap,https://www.openstreetmap.org/node/472545151,472545151,2026-04-28 07:53:43.650201
IB Fitness,https://www.ibfitness.net/,ibfitness.net,Imperial Beach,CA,gyms,+1-619-423-9022,"",openstreetmap,https://www.openstreetmap.org/node/8733098405,8733098405,2026-04-28 07:53:43.650201
ICC Table Tennis Center,https://icctt.org/,icctt.org,Milpitas,CA,gyms,+1 408-945-9556,sports@indiacc.org,openstreetmap,https://www.openstreetmap.org/node/10666074853,10666074853,2026-04-28 07:53:43.650201
Iconix Fitness,https://www.iconixfit.com/inglewood,iconixfit.com,Inglewood,CA,gyms,+1-310-412-5877,inglewood@iconixfit.com,openstreetmap,https://www.openstreetmap.org/node/12054040527,12054040527,2026-04-28 07:53:43.650201
Immortal Fitness,https://immortalfitness.org/,immortalfitness.org,Berkeley,CA,gyms,+1 510 859 7771,"",openstreetmap,https://www.openstreetmap.org/node/13102834859,13102834859,2026-04-28 07:53:43.650201
In Shape Family Fitness,https://www.inshape.com/gyms/modesto-mchenry-north-california-95350,inshape.com,"","",gyms,+1-209-219-3547,"",openstreetmap,https://www.openstreetmap.org/node/11372596169,11372596169,2026-04-28 07:53:43.650201
In-Shape,https://www.inshape.com/gyms/suisun-city-california-94585,inshape.com,Suisun City,CA,gyms,+1-707-760-7460,"",openstreetmap,https://www.openstreetmap.org/node/779727718,779727718,2026-04-28 07:53:43.650201
In-Shape,https://www.inshape.com/clubs/modesto-prescott-california-95350,inshape.com,Modesto,CA,gyms,+1-209-255-5884,"",openstreetmap,https://www.openstreetmap.org/node/12372745395,12372745395,2026-04-28 07:53:43.650201
In-Shape Fitness,https://www.inshape.com/gyms/elk-grove?utm_source=G&utm_medium=Local&utm_campaign=Google-Local&utm_source=G&utm_medium=Local&utm_campaign=Google-Local,inshape.com,Elk Grove,CA,gyms,+1-916-685-5555,"",openstreetmap,https://www.openstreetmap.org/node/12613336895,12613336895,2026-04-28 07:53:43.650201
In-Shape Fitness,https://www.inshape.com/gyms/bakersfield-white-lane-california-93309,inshape.com,"","",gyms,+16614047868,"",openstreetmap,https://www.openstreetmap.org/node/13645639201,13645639201,2026-04-28 07:53:43.650201
In-Shape Fitness,https://www.inshape.com/gyms/bakersfield-california-ave-california-93309,inshape.com,"","",gyms,+16612158071,"",openstreetmap,https://www.openstreetmap.org/node/13679963801,13679963801,2026-04-28 07:53:43.650201
In-Shape Fitness,https://www.inshape.com/gyms/folsom,inshape.com,Folsom,CA,gyms,+1-916-932-0100,"",openstreetmap,https://www.openstreetmap.org/node/159933220,159933220,2026-04-28 07:53:43.650201
Incentive-AGT,https://www.agt-club.com,agt-club.com,Redlands,CA,gyms,+1-909-283-1925,"",openstreetmap,https://www.openstreetmap.org/node/13040628504,13040628504,2026-04-28 07:53:43.650201
Indian Wells Tennis Garden,http://www.indianwellstennisgarden.com/,indianwellstennisgarden.com,Indian Wells,CA,gyms,+1 760-200-8200,"",openstreetmap,https://www.openstreetmap.org/way/18810425,-18810425,2026-04-28 07:53:43.650201
Insight Fitness,https://www.insightfitstudios.com/,insightfitstudios.com,Santa Rosa,CA,gyms,+1 707-921-1745,"",openstreetmap,https://www.openstreetmap.org/node/6725758426,6725758426,2026-04-28 07:53:43.650201
Inspired Fitness,https://www.inspired2befit.com/,inspired2befit.com,Sebastopol,CA,gyms,+1-707-329-6948,info@inspired2befit.com,openstreetmap,https://www.openstreetmap.org/node/12878360058,12878360058,2026-04-28 07:53:43.650201
International Fencing Academy,http://internationalfencing.org,internationalfencing.org,Sunnyvale,CA,gyms,+1-408-716-4454,"",openstreetmap,https://www.openstreetmap.org/node/2827233166,2827233166,2026-04-28 07:53:43.650201
Invictus Fitness,https://www.crossfitinvictus.com/san-diego/downtown/,crossfitinvictus.com,San Diego,"",gyms,+1 619 231 3000,"",openstreetmap,https://www.openstreetmap.org/node/5910669788,5910669788,2026-04-28 07:53:43.650201
Iron Valley Fitness,https://ironvalleyfitness.net/,ironvalleyfitness.net,Shafter,CA,gyms,+1-661-888-0800,"",openstreetmap,https://www.openstreetmap.org/node/1105017863,1105017863,2026-04-28 07:53:43.650201
Iron Will Jiu Jitsu,https://ironwilljiujitsu.com,ironwilljiujitsu.com,"","",gyms,+1-661-400-0475,"",openstreetmap,https://www.openstreetmap.org/node/13384259101,13384259101,2026-04-28 07:53:43.650201
Island Fit Pilates,https://www.islandfitpilates.com/,islandfitpilates.com,Alameda,CA,gyms,+1-510-896-8086,"",openstreetmap,https://www.openstreetmap.org/node/12064273204,12064273204,2026-04-28 07:53:43.650201
Island Health & Fitness,https://islandhf.com,islandhf.com,Simi Valley,CA,gyms,+1 805-522-5770,"",openstreetmap,https://www.openstreetmap.org/node/11930800369,11930800369,2026-04-28 07:53:43.650201
James Lemos Swim Center,https://www.ci.benicia.ca.us/aquatics,ci.benicia.ca.us,Benicia,CA,gyms,+1-707-746-4286,"",openstreetmap,https://www.openstreetmap.org/node/164674653,164674653,2026-04-28 07:53:43.650201
Jamie's School of Fish,https://www.jamiesschooloffish.com/,jamiesschooloffish.com,Fresno,CA,gyms,+1-559-944-9909,"",openstreetmap,https://www.openstreetmap.org/node/13241142883,13241142883,2026-04-28 07:53:43.650201
Jeanne Dowell Yoga Fitness & Spa Programs,http://yogawithjeanne.com,yogawithjeanne.com,Orinda,CA,gyms,+1 925-254-0193,"",openstreetmap,https://www.openstreetmap.org/node/4646712900,4646712900,2026-04-28 07:53:43.650201
Jeff Speakman's Kenpo 5.0,https://jeffspeakmanwhittier.com,jeffspeakmanwhittier.com,"","",gyms,+1-562-463-0400,"",openstreetmap,https://www.openstreetmap.org/node/9706451917,9706451917,2026-04-28 07:53:43.650201
Jenny Craig,https://locations.jennycraig.com/ca/chulavista/weight-loss-center-1155.html,locations.jennycraig.com,Chula Vista,CA,gyms,+1-619-426-2202,"",openstreetmap,https://www.openstreetmap.org/node/9530907107,9530907107,2026-04-28 07:53:43.650201
Jesse Owens Pool,https://owens.lacountypools.com/,owens.lacountypools.com,Los Angeles,CA,gyms,+1-323-241-6708,"",openstreetmap,https://www.openstreetmap.org/node/411751077,411751077,2026-04-28 07:53:43.650201
Jim Gilliam Recreation Center,https://www.laparks.org/reccenter/jim-gilliam,laparks.org,Los Angeles,CA,gyms,+1-323-291-5928,rapjimgilliamrc@lacity.org,openstreetmap,https://www.openstreetmap.org/node/493538640,493538640,2026-04-28 07:53:43.650201
Jiu Jitsu Athletic Club,https://www.jiujitsuathleticclub.com/,jiujitsuathleticclub.com,"","",gyms,+1 626 701 7261,"",openstreetmap,https://www.openstreetmap.org/node/12785362847,12785362847,2026-04-28 07:53:43.650201
Joe’s Fitness Revolution,http://joesfitrevolution.com,joesfitrevolution.com,"","",gyms,+1-916-835-2064,"",openstreetmap,https://www.openstreetmap.org/node/13687890301,13687890301,2026-04-28 07:53:43.650201
Just For Fun CrossFit,https://www.justforfuncrossfit.com/,justforfuncrossfit.com,Fremont,CA,gyms,+1-510-213-8046,"",openstreetmap,https://www.openstreetmap.org/node/12550777718,12550777718,2026-04-28 07:53:43.650201
K1 Circuit,https://www.k1circuit.com/,k1circuit.com,Winchester,CA,gyms,+1-951-686-0485,"",openstreetmap,https://www.openstreetmap.org/node/1088243037,1088243037,2026-04-28 07:53:43.650201
KMF Athletics,https://www.kmfathletics.com,kmfathletics.com,Lemon Grove,CA,gyms,+1-619-949-2683,"",openstreetmap,https://www.openstreetmap.org/node/12695905570,12695905570,2026-04-28 07:53:43.650201
Kali Health & Fitness,https://www.kalihealthandfitness.com/,kalihealthandfitness.com,San Gabriel,CA,gyms,+1 626-808-8120,teamkali@kalihealthandfitness.com,openstreetmap,https://www.openstreetmap.org/node/13363977034,13363977034,2026-04-28 07:53:43.650201
Key 2 Fitness,https://key2fitness.com/,key2fitness.com,Santa Barbara,CA,gyms,+1-805-897-0040; +1-805-774-1705,"",openstreetmap,https://www.openstreetmap.org/node/13333174651,13333174651,2026-04-28 07:53:43.650201
Killer B Fitness,https://www.killerbfitness.com/,killerbfitness.com,Santa Barbara,CA,gyms,+1 805-452-8088,killerbfitness@gmail.com,openstreetmap,https://www.openstreetmap.org/node/6070201081,6070201081,2026-04-28 07:53:43.650201
Kinetic Arts Center,https://www.kineticartscenter.com/,kineticartscenter.com,"","",gyms,+1 510-444-4800,info@kineticartscenter.com,openstreetmap,https://www.openstreetmap.org/node/334466908,334466908,2026-04-28 07:53:43.650201
King Pool,https://berkeleyca.gov/community-recreation/parks-recreation/facilities/pools-and-aquatic-programs,berkeleyca.gov,"","",gyms,+1-510-981-5150,"",openstreetmap,https://www.openstreetmap.org/node/226681312,226681312,2026-04-28 07:53:43.650201
Kula Yoga,https://kulayogasd.com/,kulayogasd.com,Chula Vista,CA,gyms,+1-619-992-6007,kulayoga.sd@gmail.com,openstreetmap,https://www.openstreetmap.org/node/5870511593,5870511593,2026-04-28 07:53:43.650201
LA Fitness,https://www.lafitness.com/Pages/clubhome.aspx?clubid=45,lafitness.com,Los Angeles,CA,gyms,+1 310-209-5002,"",openstreetmap,https://www.openstreetmap.org/node/8855515473,8855515473,2026-04-28 07:53:43.650201
LA Fitness,https://www.lafitness.com/Pages/clubhome.aspx?clubid=270,lafitness.com,"","",gyms,+1-619-397-7240,"",openstreetmap,https://www.openstreetmap.org/node/12897286701,12897286701,2026-04-28 07:53:43.650201
LA Fitness,https://www.lafitness.com/Pages/clubhome.aspx?clubid=379,lafitness.com,Alhambra,CA,gyms,+1 626-310-3030,"",openstreetmap,https://www.openstreetmap.org/node/13459305849,13459305849,2026-04-28 07:53:43.650201
LA Fitness,https://www.lafitness.com/Pages/clubhome.aspx?clubid=6,lafitness.com,Cerritos,CA,gyms,+1-562-924-8737,"",openstreetmap,https://www.openstreetmap.org/node/450409950,450409950,2026-04-28 07:53:43.650201
LA Fitness,https://www.lafitness.com/Pages/clubhome.aspx?clubid=370,lafitness.com,Arcadia,CA,gyms,+1-626-400-5001,"",openstreetmap,https://www.openstreetmap.org/node/13438778383,13438778383,2026-04-28 07:53:43.650201
LA Fitness,https://www.lafitness.com/Pages/clubhome.aspx?clubid=1026,lafitness.com,Pasadena,CA,gyms,+1 626-264-9138,"",openstreetmap,https://www.openstreetmap.org/node/9736247679,9736247679,2026-04-28 07:53:43.650201
LA Fitness,https://www.lafitness.com/Pages/clubhome.aspx?clubid=100,lafitness.com,Downey,CA,gyms,+1-562-927-5688,"",openstreetmap,https://www.openstreetmap.org/node/449905546,449905546,2026-04-28 07:53:43.650201
LA Fitness,https://www.lafitness.com/Pages/clubhome.aspx?clubid=620&utm_source=google&utm_medium=googlemaps&utm_campaign=maps,lafitness.com,Harbor City,CA,gyms,+1 424-203-2060,"",openstreetmap,https://www.openstreetmap.org/node/13111116501,13111116501,2026-04-28 07:53:43.650201
LA Fitness,https://www.lafitness.com/Pages/clubhome.aspx?clubid=410,lafitness.com,Monterey Park,CA,gyms,+1 323-346-6061,"",openstreetmap,https://www.openstreetmap.org/node/13453340787,13453340787,2026-04-28 07:53:43.650201
LA Fitness,https://www.lafitness.com/Pages/clubhome.aspx?clubid=31,lafitness.com,Pasadena,CA,gyms,+1 626-568-3598,"",openstreetmap,https://www.openstreetmap.org/node/13429197331,13429197331,2026-04-28 07:53:43.650201
LA Fitness,https://www.lafitness.com/Pages/clubhome.aspx?clubid=831,lafitness.com,"","",gyms,+1-619-474-6392,"",openstreetmap,https://www.openstreetmap.org/node/12897286801,12897286801,2026-04-28 07:53:43.650201
LA Galaxy Park,https://lagalaxypark.com/,lagalaxypark.com,Carson,CA,gyms,+1-310-630-2147,"",openstreetmap,https://www.openstreetmap.org/node/1498928073,1498928073,2026-04-28 07:53:43.650201
LAKO Boxing Gym,https://lakoboxingclub.com/,lakoboxingclub.com,Los Angeles,CA,gyms,+1-323-340-1469,"",openstreetmap,https://www.openstreetmap.org/node/11088312429,11088312429,2026-04-28 07:53:43.650201
LAX Firing Range,https://www.laxrange.com/,laxrange.com,Inglewood,CA,gyms,+1-310-568-1515,"",openstreetmap,https://www.openstreetmap.org/node/1171323832,1171323832,2026-04-28 07:53:43.650201
Lago Santa Margarita Beach Club,https://www.samlarc.org/Parks_and_Facilities/BEACH_CLUB_AND_LAGOON.htm,samlarc.org,Rancho Santa Margarita,CA,gyms,+1-949-858-1390,"",openstreetmap,https://www.openstreetmap.org/node/445864575,445864575,2026-04-28 07:53:43.650201
Laguna Health Club,https://lagunahealthclub.com/,lagunahealthclub.com,Laguna Beach,CA,gyms,+1-949-494-9314,schuleinfit@gmail.com,openstreetmap,https://www.openstreetmap.org/node/1264285517,1264285517,2026-04-28 07:53:43.650201
Laguna Niguel Racquet Club,http://spearmanclubs.com/,spearmanclubs.com,Laguna Niguel,CA,gyms,+1-949-496-4665,"",openstreetmap,https://www.openstreetmap.org/node/422977562,422977562,2026-04-28 07:53:43.650201
Lama's Kenpo Karate,https://ftkmartialarts.com,ftkmartialarts.com,"","",gyms,+1-415-624-3201,lamaskenpokaratesf@gmail.com,openstreetmap,https://www.openstreetmap.org/node/5735236443,5735236443,2026-04-28 07:53:43.650201
Langermann Health Club,mail@langermannhealthclub.com,mail@langermannhealthclub.com,Sebastopol,CA,gyms,+1-707-823-2440,"",openstreetmap,https://www.openstreetmap.org/node/13095779917,13095779917,2026-04-28 07:53:43.650201
Legends Elite Kickboxing & MMA,https://www.legendselitekickboxingmma.com/,legendselitekickboxingmma.com,Oakdale,CA,gyms,+1-916-807-8566,legendselitekickboxingmma@gmail.com,openstreetmap,https://www.openstreetmap.org/node/13546304645,13546304645,2026-04-28 07:53:43.650201
Lena's Studio,https://www.lenaspilates.com/,lenaspilates.com,Goleta,CA,gyms,+1 805-964-0111,lenaspilates@gmail.com,openstreetmap,https://www.openstreetmap.org/node/13167998806,13167998806,2026-04-28 07:53:43.650201
Leo Zen,https://leozen.com/,leozen.com,West Hollywood,CA,gyms,+1-310-717-5528,zenciel@gmail.com,openstreetmap,https://www.openstreetmap.org/node/5145895701,5145895701,2026-04-28 07:53:43.650201
Leo's Fitness Lab,https://www.leofitlabs.com,leofitlabs.com,San Diego,CA,gyms,+1-619-299-1694,"",openstreetmap,https://www.openstreetmap.org/node/10660791383,10660791383,2026-04-28 07:53:43.650201
Life Time,https://www.lifetime.life/life-time-locations/ca-la-jolla.html,lifetime.life,La Jolla,CA,gyms,+1-858-410-7100,"",openstreetmap,https://www.openstreetmap.org/node/31843559,31843559,2026-04-28 07:53:43.650201
Life Time,https://www.lifetime.life/life-time-locations/ca-laguna-niguel.html,lifetime.life,Laguna Niguel,CA,gyms,+1 949-238-2700,"",openstreetmap,https://www.openstreetmap.org/node/316990895,316990895,2026-04-28 07:53:43.650201
Live Fit Gym,https://livefitgym.com/locations/nob-hill/,livefitgym.com,San Francisco,CA,gyms,+1 415 525 3454,"",openstreetmap,https://www.openstreetmap.org/node/4631674513,4631674513,2026-04-28 07:53:43.650201
Live Fit Gym,https://livefitgym.com/locations/castro/,livefitgym.com,San Francisco,CA,gyms,+1-415-655-3395,"",openstreetmap,https://www.openstreetmap.org/node/137602240,137602240,2026-04-28 07:53:43.650201
LiveFitGym,https://livefitgym.com/,livefitgym.com,San Francisco,CA,gyms,+1-415-525-4364,"",openstreetmap,https://www.openstreetmap.org/node/9659815458,9659815458,2026-04-28 07:53:43.650201
Local's Fitness,https://www.localsfitness.com/,localsfitness.com,"","",gyms,+1-415-528-3873,"",openstreetmap,https://www.openstreetmap.org/node/6591743880,6591743880,2026-04-28 07:53:43.650201
Los Gatos Swim & Racquet Club,https://lgsrc.com/,lgsrc.com,Los Gatos,CA,gyms,+1-408-356-2136,info@lgsrc.com,openstreetmap,https://www.openstreetmap.org/node/699135274,699135274,2026-04-28 07:53:43.650201
Lotusland,https://lotuslandyogasf.com/,lotuslandyogasf.com,San Francisco,CA,gyms,+1-415-237-3923,hello@lotuslandyogasf.com,openstreetmap,https://www.openstreetmap.org/node/2666409791,2666409791,2026-04-28 07:53:43.650201
Lou Costello Jr. Recreation Center,https://www.laparks.org/reccenter/lou-costello,laparks.org,Los Angeles,CA,gyms,+1-213-485-9111,costello.recreationcenter@lacity.org,openstreetmap,https://www.openstreetmap.org/node/202894807,202894807,2026-04-28 07:53:43.650201
Love At First Flight,https://www.loveatfirstflightclovis.com/,loveatfirstflightclovis.com,Clovis,CA,gyms,+1-559-436-9131,"",openstreetmap,https://www.openstreetmap.org/node/12050638194,12050638194,2026-04-28 07:53:43.650201
Lynwood Natatorium,https://www.lynwoodca.gov/Facilities/Facility/Details/Natatorium-4,lynwoodca.gov,Lynwood,CA,gyms,+1-310-886-0414,"",openstreetmap,https://www.openstreetmap.org/node/455807538,455807538,2026-04-28 07:53:43.650201
MK FITNESS San Diego,https://mkfitnesssandiego.com,mkfitnesssandiego.com,El Cajon,CA,gyms,+1-619-251-2670,"",openstreetmap,https://www.openstreetmap.org/node/10013720542,10013720542,2026-04-28 07:53:43.650201
Made by Solace,https://www.madebysolace.com/,madebysolace.com,Alhambra,CA,gyms,+1 626-721-3499,support@madebysolace.com,openstreetmap,https://www.openstreetmap.org/node/13515743836,13515743836,2026-04-28 07:53:43.650201
Main Street Kickboxing,https://www.mainstreetkickboxing.com/,mainstreetkickboxing.com,Hollister,CA,gyms,+1 831 638 1077,"",openstreetmap,https://www.openstreetmap.org/node/12769692949,12769692949,2026-04-28 07:53:43.650201
Martinez Athletic Club,https://www.martinezathleticclub.com/,martinezathleticclub.com,Martinez,CA,gyms,+1-925-849-7128,martinezathletic1@gmail.com,openstreetmap,https://www.openstreetmap.org/node/5767126734,5767126734,2026-04-28 07:53:43.650201
Mary McLeod Bethune Swimming Pool,https://bethune.lacountypools.com/,bethune.lacountypools.com,Los Angeles,CA,gyms,+1-323-846-2646,"",openstreetmap,https://www.openstreetmap.org/node/1488452984,1488452984,2026-04-28 07:53:43.650201
Maximum Fitness Gym,https://www.maximumfitnessvacaville.com/,maximumfitnessvacaville.com,Vacaville,CA,gyms,+1-707-447-0606,"",openstreetmap,https://www.openstreetmap.org/node/406582452,406582452,2026-04-28 07:53:43.650201
Mayweather Boxing + Fitness,https://www.mayweather.fit/porter-ranch,mayweather.fit,Porter Ranch,CA,gyms,+1 213-992-9387,porterranch@mayweather.fit,openstreetmap,https://www.openstreetmap.org/node/1006873708,1006873708,2026-04-28 07:53:43.650201
Megafit by Lagree,https://mymegafit.com/,mymegafit.com,La Canada Flintridge,"",gyms,+1 747-261-8422,"",openstreetmap,https://www.openstreetmap.org/node/3447450294,3447450294,2026-04-28 07:53:43.650201
Mesa Rim (North City),https://mesarim.com/northcity/,mesarim.com,San Marcos,CA,gyms,+1 760 593 1020,hellonorthcity@mesarim.com,openstreetmap,https://www.openstreetmap.org/node/402834254,402834254,2026-04-28 07:53:43.650201
Mesa Rim Climbing & Fitness Center,https://mesarim.com/,mesarim.com,"","",gyms,+1-858-201-4411,"",openstreetmap,https://www.openstreetmap.org/node/31808447,31808447,2026-04-28 07:53:43.650201
Mesa Rim Climbing & Fitness Center • Mission Valley,https://mesarim.com/,mesarim.com,"","",gyms,+1-619-908-1911,"",openstreetmap,https://www.openstreetmap.org/node/4419896295,4419896295,2026-04-28 07:53:43.650201
Mira Mesa Jiu Jitsu,https://miramesajiujitsu.com/,miramesajiujitsu.com,San Diego,CA,gyms,+1-858-530-0990,"",openstreetmap,https://www.openstreetmap.org/node/13724171076,13724171076,2026-04-28 07:53:43.650201
Mission Cliffs,https://touchstoneclimbing.com/mission-cliffs/,touchstoneclimbing.com,San Francisco,"",gyms,+1 415-550-0515,"",openstreetmap,https://www.openstreetmap.org/node/113283290,113283290,2026-04-28 07:53:43.650201
Mission Fitness Center,https://missionfitnesscenter.com/,missionfitnesscenter.com,Alhambra,CA,gyms,+1-626-766-1225,info@missionfitnesscenter.com,openstreetmap,https://www.openstreetmap.org/node/13685191409,13685191409,2026-04-28 07:53:43.650201
Mom Strong Fitness,https://momstrongfitnessvv.com/,momstrongfitnessvv.com,Vacaville,CA,gyms,+1-707-592-9489,"",openstreetmap,https://www.openstreetmap.org/node/689555567,689555567,2026-04-28 07:53:43.650201
Momentum Acrobatics,https://www.momentumacrobatics.com/,momentumacrobatics.com,San Diego,CA,gyms,+1-619-665-2096,"",openstreetmap,https://www.openstreetmap.org/node/11043798646,11043798646,2026-04-28 07:53:43.650201
Momentum Cycling Studio,https://momentumcyclingstudio.com/,momentumcyclingstudio.com,Los Altos,CA,gyms,+1-650-949-2453,"",openstreetmap,https://www.openstreetmap.org/node/2619982664,2619982664,2026-04-28 07:53:43.650201
Morning Sun Martial Arts,https://morningsunma.com,morningsunma.com,Chico,CA,gyms,+1-530-342-5833,"",openstreetmap,https://www.openstreetmap.org/node/9694336135,9694336135,2026-04-28 07:53:43.650201
Motivate,https://motivatestudios.com/team/simi-valley,motivatestudios.com,Simi Valley,CA,gyms,+1 818-858-5138,porterranch@motivatestudios.com,openstreetmap,https://www.openstreetmap.org/node/11991039760,11991039760,2026-04-28 07:53:43.650201
Motus,https://motusclinic.com,motusclinic.com,"","",gyms,+1 415-536-5950,"",openstreetmap,https://www.openstreetmap.org/node/11021366849,11021366849,2026-04-28 07:53:43.650201
Movement - Belmont,https://movementgyms.com/belmont/,movementgyms.com,Belmont,CA,gyms,+1-650-591-3030,"",openstreetmap,https://www.openstreetmap.org/node/99824892,99824892,2026-04-28 07:53:43.650201
Movement Mountain View,https://movementgyms.com/mountain-view/,movementgyms.com,Mountain View,CA,gyms,+1-650-450-4500,"",openstreetmap,https://www.openstreetmap.org/node/4317774023,4317774023,2026-04-28 07:53:43.650201
Movement Reborn,https://www.movementreborn.com/,movementreborn.com,San Diego,CA,gyms,+1 858-288-6062,andy@movementreborn.com,openstreetmap,https://www.openstreetmap.org/node/12838633040,12838633040,2026-04-28 07:53:43.650201
Movement Recovery,https://movementrecoveryoc.com,movementrecoveryoc.com,Ladera Ranch,CA,gyms,+1 949-954-7353,"",openstreetmap,https://www.openstreetmap.org/node/11090614781,11090614781,2026-04-28 07:53:43.650201
Movement Santa Clara (Planet Granite Santa Clara),https://movementgyms.com/santa-clara/,movementgyms.com,"","",gyms,+1-669-342-6588,"",openstreetmap,https://www.openstreetmap.org/node/1931758718,1931758718,2026-04-28 07:53:43.650201
Movement Sunnyvale,https://movementgyms.com/sunnyvale/,movementgyms.com,Sunnyvale,"",gyms,+1-408-991-9090,"",openstreetmap,https://www.openstreetmap.org/node/41935775,41935775,2026-04-28 07:53:43.650201
Movement Unlimited Fitness Center,http://www.movementunlimitedfitness.com/,movementunlimitedfitness.com,"","",gyms,+1-626-359-4656,"",openstreetmap,https://www.openstreetmap.org/node/3186103819,3186103819,2026-04-28 07:53:43.650201
Municipal Gymnasium,https://www.sandiego.gov/park-and-recreation/centers/recctr/munigym,sandiego.gov,San Diego,CA,gyms,+1-619-525-8262,"",openstreetmap,https://www.openstreetmap.org/node/28824925,28824925,2026-04-28 07:53:43.650201
Municipal Tennis and Pickleball Center,https://sbparksandrec.santabarbaraca.gov/sports-facilities/municipal-tennis-and-pickleball-center,sbparksandrec.santabarbaraca.gov,Santa Barbara,CA,gyms,+1 805-564-5573,Sports@SantaBarbaraCA.gov,openstreetmap,https://www.openstreetmap.org/node/13597559118,13597559118,2026-04-28 07:53:43.650201
Muscle House Gym,https://bodzbycamacho.com,bodzbycamacho.com,"","",gyms,+1-408-843-8154,"",openstreetmap,https://www.openstreetmap.org/node/28136160,28136160,2026-04-28 07:53:43.650201
Muscle Under Fitness,http://muscleunder.com,muscleunder.com,West Hollywood,CA,gyms,+1-310-859-1399,"",openstreetmap,https://www.openstreetmap.org/node/5113578778,5113578778,2026-04-28 07:53:43.650201
NPOA recreation center,https://npoa.info/,npoa.info,"","",gyms,+1-530-562-0322,"",openstreetmap,https://www.openstreetmap.org/node/10743439845,10743439845,2026-04-28 07:53:43.650201
Nazareth Ice Oasis,https://www.iceoasis.com/,iceoasis.com,"","",gyms,+1-650-574-6033,"",openstreetmap,https://www.openstreetmap.org/node/13628584501,13628584501,2026-04-28 07:53:43.650201
Nela Athletics,https://www.nelaathletics.com,nelaathletics.com,Los Angeles,CA,gyms,+1-323-902-7625,"",openstreetmap,https://www.openstreetmap.org/node/12700764827,12700764827,2026-04-28 07:53:43.650201
Neptune Beach Pearl,https://neptunebeachpearl.com/home,neptunebeachpearl.com,Alameda,CA,gyms,+1-510-708-7451,"",openstreetmap,https://www.openstreetmap.org/node/12332008479,12332008479,2026-04-28 07:53:43.650201
NorCal Courts,http://www.norcalcourts.com,norcalcourts.com,Martinez,CA,gyms,+1 925-457-5081,"",openstreetmap,https://www.openstreetmap.org/node/110166219,110166219,2026-04-28 07:53:43.650201
North County Pilates,https://northcountypilates.com/,northcountypilates.com,"","",gyms,+1-805-466-9642,"",openstreetmap,https://www.openstreetmap.org/node/5284930449,5284930449,2026-04-28 07:53:43.650201
Oasis Wellness Center,https://www.csun.edu/oasis,csun.edu,"","",gyms,+1-818-677-7373,"",openstreetmap,https://www.openstreetmap.org/node/6654110281,6654110281,2026-04-28 07:53:43.650201
Ocean Yoga,https://www.oceanyoga.com,oceanyoga.com,Pacifica,CA,gyms,+1-650-355-9642,staff@oceanyoga.com,openstreetmap,https://www.openstreetmap.org/node/13624406618,13624406618,2026-04-28 07:53:43.650201
Ofie's Elite Physiques,https://www.ofieselitephysiques.com/,ofieselitephysiques.com,"","",gyms,+1 310 544-1774,"",openstreetmap,https://www.openstreetmap.org/node/12861025395,12861025395,2026-04-28 07:53:43.650201
Ojai Pilates & Fitness,https://www.pilatesofojai.com/,pilatesofojai.com,"","",gyms,+1-805-640-0300,"",openstreetmap,https://www.openstreetmap.org/node/821268417,821268417,2026-04-28 07:53:43.650201
One Life Yoga,https://www.onelifeyoga.com/,onelifeyoga.com,Pasadena,CA,gyms,+1 626-714-7447,"",openstreetmap,https://www.openstreetmap.org/node/4882463848,4882463848,2026-04-28 07:53:43.650201
Orangetheory Fitness,https://www.orangetheory.com/,orangetheory.com,San Diego,CA,gyms,+1-858-216-2020,"",openstreetmap,https://www.openstreetmap.org/node/12585531112,12585531112,2026-04-28 07:53:43.650201
Orangetheory Fitness,https://www.orangetheory.com/en-us/locations/california/simi-valley/2975-cochran-st-unit-d,orangetheory.com,Simi Valley,CA,gyms,+1 805-864-2626,"",openstreetmap,https://www.openstreetmap.org/node/11962907400,11962907400,2026-04-28 07:53:43.650201
Orangetheory Fitness,https://www.orangetheory.com/en-us,orangetheory.com,"",CA,gyms,+1-559-472-9191,"",openstreetmap,https://www.openstreetmap.org/node/1169189005,1169189005,2026-04-28 07:53:43.650201
Orangetheory Fitness,https://www.orangetheory.com/en-us/,orangetheory.com,Redondo Beach,CA,gyms,+1 424-400-7433,"",openstreetmap,https://www.openstreetmap.org/node/9678307010,9678307010,2026-04-28 07:53:43.650201
Orangetheory Fitness,https://orangetheory.com,orangetheory.com,"","",gyms,+1 818-405-0009,"",openstreetmap,https://www.openstreetmap.org/node/11746554591,11746554591,2026-04-28 07:53:43.650201
Orangetheory Fitness,https://www.orangetheory.com/en-us/locations/california/albany/1495-solano-ave/,orangetheory.com,Albany,CA,gyms,+1 510-560-4020,"",openstreetmap,https://www.openstreetmap.org/node/8787319211,8787319211,2026-04-28 07:53:43.650201
Orangetheory Fitness,https://www.orangetheory.com/en-us/locations/orange-california-0287,orangetheory.com,Orange,CA,gyms,+1-714-978-4040,"",openstreetmap,https://www.openstreetmap.org/node/554285191,554285191,2026-04-28 07:53:43.650201
Orangetheory Fitness,https://www.orangetheory.com/en-us/locations/california/berkley/2475-shattuck-ave,orangetheory.com,Berkley,CA,gyms,+1 510-849-6404,"",openstreetmap,https://www.openstreetmap.org/node/6138205910,6138205910,2026-04-28 07:53:43.650201
Orangetheory Fitness,https://www.orangetheory.com/en-us/locations/california/fresno/7735-n-blackstone-ave-ste-106-112/,orangetheory.com,Fresno,CA,gyms,+1 559-326-9255,"",openstreetmap,https://www.openstreetmap.org/node/11878285564,11878285564,2026-04-28 07:53:43.650201
Orangetheory Fitness,https://www.orangetheory.com/en-us/locations/goleta-california-0549,orangetheory.com,Goleta,CA,gyms,+1-805-699-5551,"",openstreetmap,https://www.openstreetmap.org/node/6401617075,6401617075,2026-04-28 07:53:43.650201
Orangetheory Fitness,https://www.orangetheory.com/en-us/locations/california/la-mesa/8322-parkway-dr/,orangetheory.com,La Mesa,CA,gyms,+1 619-916-5999,"",openstreetmap,https://www.openstreetmap.org/node/10038360064,10038360064,2026-04-28 07:53:43.650201
Orangetheory Fitness,https://www.orangetheory.com/en-us/locations/california/danville/409-railroad-avenue/,orangetheory.com,Danville,CA,gyms,+1 925-553-4777,"",openstreetmap,https://www.openstreetmap.org/node/9622188843,9622188843,2026-04-28 07:53:43.650201
POWERGYM,https://powergym-liveoak.lovable.app/,powergym-liveoak.lovable.app,Live Oak,CA,gyms,+1-530-206-8244,"",openstreetmap,https://www.openstreetmap.org/node/1492022817,1492022817,2026-04-28 07:53:43.650201
Pacific Edge,https://pacificedgeclimbinggym.com/,pacificedgeclimbinggym.com,Santa Cruz,CA,gyms,+1-831-454-9254,"",openstreetmap,https://www.openstreetmap.org/node/420406512,420406512,2026-04-28 07:53:43.650201
Pacific Pipe,https://touchstoneclimbing.com/pacific-pipe/,touchstoneclimbing.com,"","",gyms,+1 510 903 6722,"",openstreetmap,https://www.openstreetmap.org/node/9600802720,9600802720,2026-04-28 07:53:43.650201
Pacific Wushu,http://www.pacificwushu.com,pacificwushu.com,"","",gyms,+1-415-841-8848,wong@pacificwushu.com,openstreetmap,https://www.openstreetmap.org/node/4891328528,4891328528,2026-04-28 07:53:43.650201
Page Youth Center,https://www.pageyouthcenter.org/,pageyouthcenter.org,Santa Barbara,CA,gyms,+1-805-967-8778,info@pageyouthcenter.org,openstreetmap,https://www.openstreetmap.org/node/549631194,549631194,2026-04-28 07:53:43.650201
Paramount Pool,https://www.paramountcity.com/Home/Components/FacilityDirectory/FacilityDirectory/26/97,paramountcity.com,Paramount,CA,gyms,+1-562-220-2121,"",openstreetmap,https://www.openstreetmap.org/node/1079635745,1079635745,2026-04-28 07:53:43.650201
Pasadena Elite Fitness,https://pasadenaelitefitness.com/,pasadenaelitefitness.com,Pasadena,CA,gyms,+1 626-817-3365,"",openstreetmap,https://www.openstreetmap.org/node/3178454566,3178454566,2026-04-28 07:53:43.650201
Pasadena Ice Skating Center,https://www.skatepasadena.com/,skatepasadena.com,"","",gyms,+1-626-578-0800,pisc@skatepasadena.com,openstreetmap,https://www.openstreetmap.org/node/209720642,209720642,2026-04-28 07:53:43.650201
